Baúl 1,Betel
Baúl 2,Betel
Medición y marcado,"Guadalajara SR"
SOLDADURA,"Guadalajara SR"
SEGURIDAD  Y SALUD ,"Guadalajara SR"
PLADUR ,"Guadalajara SR"
CLIMA,"Guadalajara SR"
RACK,Ferretería
SEGURIDAD Y SALUD,"Guadalajara SR"
ALBAÑILERÍA,"Guadalajara SR"
SET ILUMINACION,"Guadalajara SR"
PUNTO DE CARGA,Ferretería
ELECTRICIDAD,"Guadalajara SR"
SOLDADURA,"Guadalajara SR"
PINTURA,"Guadalajara SR"
ACABADOS,"Guadalajara SR"
CONSUMIBLES,"Guadalajara SR"
CONSUMIBLES 2,"Guadalajara SR"
Maletines altos,"Guadalajara SR"
MALETINES ALTOS 1,"Guadalajara SR"
MALETINES ALTOS 2,"Guadalajara SR"
Sin baúl,Ferretería
OFICINA,Oficina
ARCÓN MEDIO,"Guadalajara SR"
CONSUMIBLES 3,"Guadalajara SR"
CONSUMIBLES 4,"Guadalajara SR"
STOCK MINIMO,Ferretería
CARRASCALES,"Guadalajara SR"
ZURBARÁN,"Guadalajara SR"
Consumibles,"Guadalajara SR"
GUADALAJARA,"Guadalajara SR"
GUADALAJARA,"Guadalajara SR"
FONTANERIA,"Guadalajara SR"
ALBAÑILERIA FINA ,"Guadalajara SR"
ELECTRICIDAD/FONTANERÍA,"Guadalajara SR"
MEDICIÓN/MARCADO,"Guadalajara SR"
PLADUR CON LLAVES,"Guadalajara SR"
SET-UP,"Guadalajara SR"
