1,1694609524,Pintura interior e exterior RAL 9016,Proyecto Guadalajara,Esmalte al agua extra mate,5,,36000,,,1,1,1,1,1,2023-01-25 07:23:00.0000000
2,1691609795,Azulejo porcelánico,"AZULEJO (141 m2). porcelánico sin rectificar, 30x60 1 pulgada, sibéria blanco mate {WALL TILE}",Siberia blanco mate,322,,,,,1,1,4,1,1,2023-01-25 07:23:00.0000000
3,,Baldosa cerámica,SUELO (125 m2),,50,,,,,1,1,1,1,1,2023-01-25 07:23:00.0000000
4,1694035462,Rodapié,"RODAPIE. Norwich, 9x60, gris natural mate",Norwich gris canto romo,50,,,,,1,1,1,1,1,2023-01-25 07:23:00.0000000
5,,Plástico negro,Plástico negro 150 MIC 2X50m,,0,1,,7526,,1,1,1,1,1,2023-01-25 07:23:00.0000000
6,,Saco para polvo (Aspiradora portátil),"Bolsas de filtrado previo para aplicaciones en seco con una eficacia del 99,9 %.",VC 5,5,2,,,,1,1,1,1,1,2023-01-25 07:23:00.0000000
7,,Rollo cable galvanizado,Medidas: 6x7- 12mm,,1,,,,,1,1,1,1,1,2023-01-25 07:23:00.0000000
8,,Pasta decapante,Se encuentra dentro del baúl de Clima,,2,,,,,1,1,1,1,1,2023-01-25 07:23:00.0000000
9,,"Soldadura de plata 1,5","Soldadura de plata 1,5 500mm 200gr",,1,,,,,1,1,1,1,1,2023-01-25 07:23:00.0000000
10,,Soldadura autodecapante 2mm,Usan los deelectricidad y los de clima.,,1,,,,,1,1,1,1,1,2023-01-25 07:23:00.0000000
11,,"Rollo estaño plata, 3,5% 2mm",utilizan los de electricidad y de clima-,,1,,,,,1,1,1,1,1,2023-01-25 07:23:00.0000000
12,,Recambio 20 cuchillas,Baul Clima,MM+MTR,1,,,,,1,1,1,1,1,2023-01-25 07:23:00.0000000
13,,Base de relés,Características: 10A 250V 2.5kV,RXZE2M114M,6,2,,,,1,1,1,1,1,2023-01-25 07:23:00.0000000
14,,"Relé sin enclavamiento Schneider , bobina 230V ac, Enchufable","Características: 4PDT, bobina 230V ac. Enchufable","Electric, 4PDT",4,1,,,,1,1,1,1,1,2023-01-25 07:23:00.0000000
15,,Relé sin enclavamiento,"Bobina 250V ac, enchufable",,2,,,,,1,1,1,1,,2023-01-25 07:23:00.0000000
16,,Codo 90º HH medida 32,En caja de Fontanería,,6,0,,,,1,1,1,1,1,2023-01-25 07:23:00.0000000
17,,Codo 90º HH medida 15,Arcón de Clima,,3,,,,,1,1,1,1,1,2023-01-25 07:23:00.0000000
18,,"Manguito unión HH medida 1""",Arcón de Clima,,2,,,,,1,1,1,1,1,2023-01-25 07:23:00.0000000
19,,Silentblock suelo juego 4 unidades,Arcón de Clima,,2,,,,,1,1,1,1,1,2023-01-25 07:23:00.0000000
20,,Tuercas doradas,Arcón Clima,,2,,,,,1,1,1,1,1,2023-01-25 07:23:00.0000000
21,,Número señalización 0,Arcón Electricidad/Fontanería,,74,10,,,,1,1,1,1,1,2023-01-25 07:23:00.0000000
22,,Número señalización 1,Arcón Elecetricidad/Fontanería,,96,10,,,,1,1,1,1,1,2023-01-25 07:23:00.0000000
23,,Número señalización 2,Arcón Electricidad/Fontanería,,28,10,,,,1,1,1,1,1,2023-01-25 07:23:00.0000000
24,,Número señalización 3,Arcón Electricidad/Fontanería,,79,,,,,1,1,1,1,1,2023-01-25 07:23:00.0000000
25,,Número señalización 4,Arcón Electricidad/Fontanería,,56,10,,,,1,1,1,1,1,2023-01-25 07:23:00.0000000
26,,Número señalización 5,Arcón Electricidad/Fontanería,,71,10,,,,1,1,1,1,1,2023-01-25 07:23:00.0000000
27,,Número señalización 6,Arcón Electricidad/Fontanería,,68,10,,,,1,1,1,1,1,2023-01-25 07:23:00.0000000
28,,Número señalización 7,Arcón Electricidad/Fontanería,,71,10,,,,1,1,1,1,1,2023-01-25 07:23:00.0000000
29,,Número señalización 8,,,70,10,,,,1,1,1,1,1,2023-01-25 07:23:00.0000000
30,,Número señalización 9,Arcón Electricidad/Fontanería,,52,10,,,,1,1,1,1,1,2023-01-25 07:23:00.0000000
31,,Termoretráctil,"TERMORRETRÁCTIL. tubo, 6 tamaños, 10cm largo, negro, 100uds/caja",BOLTBR-2,2,1,,1715,,1,1,1,1,1,2023-01-25 07:23:00.0000000
32,,"Punta hueca 1,5",,,74,10,,,,1,1,1,1,1,2023-01-25 07:23:00.0000000
33,,"Punta hueca doble 1,5",,,66,10,,,,1,1,1,1,1,2023-01-25 07:23:00.0000000
34,,"Punta hueca 2,5",Arcón Electricidad/Fontanería,,138,10,,,,1,1,1,1,1,2023-01-25 07:23:00.0000000
35,,"Punta hueca doble 2,5",Arcón Electricidad/Fontanería,,52,10,,,,1,1,1,1,1,2023-01-25 07:23:00.0000000
36,,Punta hueca 4,Arcón Electricidad/Fontanería,,54,10,,,,1,1,1,1,1,2023-01-25 07:23:00.0000000
37,,Punta hueca 6,Arcón Electricidad/Fontanería,,49,10,,,,1,1,1,1,1,2023-01-25 07:23:00.0000000
38,,Punta hueca 10,Arcón Electricidad/Fontanería,,148,10,,,,1,1,1,1,1,2023-01-25 07:23:00.0000000
39,,Punta hueca 16,Arcón Electricidad/Fontanería,,85,10,,,,1,1,1,1,1,2023-01-25 07:23:00.0000000
40,,Punta hueca roja para electroválvula,Arcón Electricidad/Fontanería,,92,10,,,,1,1,1,1,1,2023-01-25 07:23:00.0000000
41,,Listado de Rales,Arcón Acabados,,1,,,,,1,1,1,1,1,2023-01-25 07:23:00.0000000
42,,Placa de empuje puerta madera,Arcón Acabados,,1,,,,,1,1,1,1,1,2023-01-25 07:23:00.0000000
43,,Tirador acero puerta de madera,Arcón Acabados,,1,,,,,1,1,1,1,1,2023-01-25 07:23:00.0000000
44,,Ganchos para fenólico baños (4UD),Arcón Acabados,,1,,,,,1,1,1,1,1,2023-01-25 07:23:00.0000000
45,,Tope puerta blanco,Arcón Acabados,,10,2,,,,1,1,1,1,1,2023-01-25 07:23:00.0000000
46,,Tope puerta negro,Arcón Acabados,,12,2,,,,1,1,1,1,1,2023-01-25 07:23:00.0000000
47,,Tope puerta color oro (GETAFE),Arcón Acabados,,2,,,,,1,1,1,1,1,2023-01-25 07:23:00.0000000
48,,Bisagra latonada 50x40mm,Arcón Acabados,ref. 7503,2,,,,,1,1,1,1,1,2023-01-25 07:23:00.0000000
49,,Colgadores extintor (GETAFE),Arcón Acabados,,2,,,,,1,1,1,1,1,2023-01-25 07:23:00.0000000
50,,Tiza Blanca ACHA (12 ud),Arcón Acabados,,1,,,,,1,1,1,1,1,2023-01-25 07:23:00.0000000
51,,Pins para clavadora neumática,Arcón Acabados,,1,,,,,1,1,1,1,1,2023-01-25 07:23:00.0000000
52,,Pegatina redonda color crema,Arcón Acabados,,26,5,,,,1,1,1,1,1,2023-01-25 07:23:00.0000000
53,,Pegatina redonda silicona,Arcón Acabados,,2,,,,,1,1,1,1,1,2023-01-25 07:23:00.0000000
54,,Guantes Negros nitrilo T10 (x50 ud),Arcón Acabados,,1,,,,,1,1,1,1,1,2023-01-25 07:23:00.0000000
55,,Boquilla para silicona,Arcón Acabados,,8,2,,,,1,1,1,1,1,2023-01-25 07:23:00.0000000
56,,Boquilla para taco químico,Arcón Acabados,,15,3,,,,1,1,1,1,1,2023-01-25 07:23:00.0000000
57,,Borrador mágico,Arcón Acabados,,7,2,,,,1,1,1,1,1,2023-01-25 07:23:00.0000000
58,,Pegatinas moqueta,Arcón Acabados,,3,,,,,1,1,1,1,1,2023-01-25 07:23:00.0000000
59,,Recambio rodillo 11 cm fibra lana,,,6,2,,,,1,1,1,1,1,2023-01-25 07:23:00.0000000
60,,Alargadera 1/2" 2cm latón,,,15,5,2,,,1,1,1,1,1,2023-01-25 07:23:00.0000000
61,,Plástico cubre todo 4x5m,,,2,1,,,,1,1,1,1,1,2023-01-25 07:23:00.0000000
62,,Plástico cubre todo 2x50m,,,2,2,,,,1,1,1,1,1,2023-01-25 07:23:00.0000000
63,,Masilla plástica extra blanca DOKAPI 350gr,,,1,1,,,,1,1,1,1,1,2023-01-25 07:23:00.0000000
64,,Mono desechable Delta plus XL,,,9,2,,,,1,1,1,1,1,2023-01-25 07:23:00.0000000
65,,Mono desechable Deltaplus L,,,2,2,,,,1,1,1,1,1,2023-01-25 07:23:00.0000000
66,,Mono desechable (sin talla),,,1,1,,,,1,1,1,1,1,2023-01-25 07:23:00.0000000
67,,Setas de seguridad rojas,"SETA. protección, ferralla, varilla 10-16mm, roja",,200,,,3350,,1,1,1,1,1,2023-01-25 07:23:00.0000000
68,,Cascos protección auditiva,,,10,5,,,,1,1,1,1,1,2023-01-25 07:23:00.0000000
69,,Tapones con caja,,,35,10,,,,1,1,1,1,1,2023-01-25 07:23:00.0000000
70,,Tapones espuma usar y tirar,,,350,50,,,,1,1,1,1,1,2023-01-25 07:23:00.0000000
71,,Guantes  talla 10,"cajas de 12 pares 1,91 precio unidad",,13,12,0.22599999606609344,24.829999923706055,,1,1,1,1,1,2023-01-25 07:23:00.0000000
72,,Gafas seguridad nuevas,"10,99 precio unidad",,16,5,0.026000000536441803,175.83999633789062,,1,1,1,1,1,2023-01-25 07:23:00.0000000
73,,Gafas herméticas,"gafas de buceo 19,19 precio unidad",,8,5,0.10000000149011612,153.52000427246094,,1,1,1,1,1,2023-01-25 07:23:00.0000000
74,,Gafas seguridad sol (usadas),,,0,1,0.026000000536441803,,,1,1,1,1,1,2023-01-25 07:23:00.0000000
75,,Gafas seguridad (usadas),"19,91 precio unidad",,2,1,0.026000000536441803,39.81999969482422,,1,1,1,1,1,2023-01-25 07:23:00.0000000
76,,Botas seguridad T43,,,2,1,,,,1,1,1,1,1,2023-01-25 07:23:00.0000000
77,,Botas seguridad T38,,,2,1,,,,1,1,1,1,1,2023-01-25 07:23:00.0000000
78,,Botas seguridad T45,,,1,1,,,,1,1,1,1,1,2023-01-25 07:23:00.0000000
79,,Chubasquero chaqueta reflectante,,,2,1,,,,1,1,1,1,1,2023-01-25 07:23:00.0000000
80,,Chalecos reflectantes,,,9,5,,,,1,1,1,1,1,2023-01-25 07:23:00.0000000
81,,Juntas de alta resistencia 16*24*2,,,20,5,,,,1,1,1,1,1,2023-01-25 07:23:00.0000000
82,,Juntas de alta resistencia 13*18*2,,,10,5,,,,1,1,1,1,1,2023-01-25 07:23:00.0000000
83,,Manguito anti electrólisis M-H 1/2,,,2,1,,,,1,1,1,1,1,2023-01-25 07:23:00.0000000
84,,Tapón negro 20 1/2,,,6,2,,,,1,1,1,1,1,2023-01-25 07:23:00.0000000
85,,Kit fijación inodoro,,,2,1,,,,1,1,1,1,1,2023-01-25 07:23:00.0000000
86,,Tornillos Duplo,,,12,2,,,,1,1,1,1,1,2023-01-25 07:23:00.0000000
87,,Válvula lavabo con cadena 70x1 1/40,,,1,,,,,1,1,1,1,1,2023-01-25 07:23:00.0000000
88,,Acoplamiento pared 40x180,,,1,,,,,1,1,1,1,1,2023-01-25 07:23:00.0000000
89,,Embellecedor sifón suelo 110,,,1,,,,,1,1,1,1,1,2023-01-25 07:23:00.0000000
90,,Te aquatecnic 25 3/4,,,1,,,,,1,1,1,1,1,2023-01-25 07:23:00.0000000
91,,Codo aquatecnic 25-25,,,5,2,,,,1,1,1,1,1,2023-01-25 07:23:00.0000000
92,,Manguito aquatecnic 25,,,1,,,,,1,1,1,1,1,2023-01-25 07:23:00.0000000
93,,Alargadores aquatecnic 25,,,4,1,,,,1,1,1,1,1,2023-01-25 07:23:00.0000000
94,,Abrazadera isofónica 160,,,1,,,,,1,1,1,1,1,2023-01-25 07:23:00.0000000
95,,Abrazadera 125,,,1,,,,,1,1,1,1,1,2023-01-25 07:23:00.0000000
96,,Abrazadera 110,,,1,,,,,1,1,1,1,1,2023-01-25 07:23:00.0000000
97,,Abrazadera 100,,,8,2,,,,1,1,1,1,1,2023-01-25 07:23:00.0000000
98,,Abrazadera 90,,,1,,,,,1,1,1,1,1,2023-01-25 07:23:00.0000000
99,,Abrazadera 50,,,1,,,,,1,1,1,1,1,2023-01-25 07:23:00.0000000
100,,Cinta Teflón,"50mx19mmx0,1mmx0,52g Jorman",,2,1,,,,1,1,1,1,1,2023-01-25 07:23:00.0000000
101,,Cinta Teflón 12mmx12m,,,20,5,,,,1,1,1,1,1,2023-01-25 07:23:00.0000000
102,,Teflón hilo 160m Tangit Uni lock,,,3,1,,,,1,1,1,1,1,2023-01-25 07:23:00.0000000
103,,Codo 20 90º,,,21,5,,,,1,1,1,1,1,2023-01-25 07:23:00.0000000
104,,Codo 25 45º,,,4,1,,,,1,1,1,1,1,2023-01-25 07:23:00.0000000
105,,Te 20,,,4,1,,,,1,1,1,1,1,2023-01-25 07:23:00.0000000
106,,Reducción 25-20,,,1,,,,,1,1,1,1,1,2023-01-25 07:23:00.0000000
107,,Manguito 20,,,5,1,,,,1,1,1,1,1,2023-01-25 07:23:00.0000000
108,,Esparto,,,2,,,,,1,1,1,1,1,2023-01-25 07:23:00.0000000
109,,Brida nivelación 2mm,Bolsa 400ud,,1,,,,,1,1,1,1,1,2023-01-25 07:23:00.0000000
110,,Brida nivelación 1mm,Bolsa 100ud,,9,1,,,,1,1,1,1,1,2023-01-25 07:23:00.0000000
111,,Cuña nivelación,Bolsa 100ud,,3,1,,,,1,1,1,1,1,2023-01-25 07:23:00.0000000
112,,Cuñas rojas pequeñas,Stock actual: media bolsa,,1,1,,,,1,1,1,1,1,2023-01-25 07:23:00.0000000
113,,Crucetas 2mm,,,200,20,,,,1,1,1,1,1,2023-01-25 07:23:00.0000000
114,,Crucetas 3mm blancas,,,350,30,,,,1,1,1,1,1,2023-01-25 07:23:00.0000000
115,,Crucetas 3mm gris pequeñas,,,350,30,,,,1,1,1,1,1,2023-01-25 07:23:00.0000000
116,,Crucetas 3mm gris grandes,,,250,30,,,,1,1,1,1,1,2023-01-25 07:23:00.0000000
117,,Gel pasacables,Stock actual: medio,,1,1,,,,1,1,1,1,1,2023-01-25 07:23:00.0000000
118,,Cajas mecanismos para pladur redondos,,,15,5,,,,1,1,1,1,1,2023-01-25 07:23:00.0000000
119,,Cajas mecanismos para pladur cuadrados,,,4,1,,,,1,1,1,1,1,2023-01-25 07:23:00.0000000
120,,Caja mecanismos pladur triple (redonda),,,1,,,,,1,1,1,1,1,2023-01-25 07:23:00.0000000
121,,Caja mecanismos pladur triple (cuadrada),,,1,,,,,1,1,1,1,1,2023-01-25 07:23:00.0000000
122,,Caja mecanismos pladur grande 20x20,,,1,,,,,1,1,1,1,1,2023-01-25 07:23:00.0000000
123,,Caja estanca 220x170x80,,,1,,,,,1,1,1,1,1,2023-01-25 07:23:00.0000000
124,,Caja estanca 310x240x125,,,1,,,,,1,1,1,1,1,2023-01-25 07:23:00.0000000
125,,Caja estanca 153x110x65,,,3,1,,,,1,1,1,1,1,2023-01-25 07:23:00.0000000
126,,Caja estanca 160x135x70,,,2,1,,,,1,1,1,1,1,2023-01-25 07:23:00.0000000
127,,Caja estanca 80x80x35,,,2,1,,,,1,1,1,1,1,2023-01-25 07:23:00.0000000
128,,Piezas para tapar huecos cuadro,,,2,1,,,,1,1,1,1,1,2023-01-25 07:23:00.0000000
129,,Ficha de empalme 16mm,,315440,720,30,,,,1,1,1,1,1,2023-01-25 07:23:00.0000000
130,,Ficha de empalme 10-25m,,315450,360,30,,,,1,1,1,1,1,2023-01-25 07:23:00.0000000
131,,Ficha de empalme 35mm²,,320110,53,10,,,,1,1,1,1,1,2023-01-25 07:23:00.0000000
132,,"Ficha de empalme 2,5",,,12,5,,,,1,1,1,1,1,2023-01-25 07:23:00.0000000
133,,"Manguera blanca 8x0,5",11 metros,,1,,,,,1,1,1,1,1,2023-01-25 07:23:00.0000000
134,,"Cable tierra 1,5 (retal 5m)",,,1,,,,,1,1,1,1,1,2023-01-25 07:23:00.0000000
135,,Cable tierra 4mm (retal 12m),,,1,,,,,1,1,1,1,1,2023-01-25 07:23:00.0000000
136,,Cable tierra 6mm (retal 6m),,,1,,,,,1,1,1,1,1,2023-01-25 07:23:00.0000000
137,,Llave de corte recta,PL 25-25 Uponor Q&E,,3,2,,,,1,1,1,1,1,2023-01-25 07:23:00.0000000
138,,Llave de corte de palanca,25-25 Uponor Q&E,,1,1,,,,1,1,1,1,1,2023-01-25 07:23:00.0000000
139,,Te,Uponor Q&E 25-25-25,,15,5,,,,1,1,1,1,1,2023-01-25 07:23:00.0000000
140,,Te,Uponor Q&E 20-20-20,,13,5,,,,1,1,1,1,1,2023-01-25 07:23:00.0000000
141,,Te Uponor 16,Uponor Q&E 16-16-16,,3,2,,,,1,1,1,1,1,2023-01-25 07:23:00.0000000
142,,Te,Uponor Q&E 20-16-16,,4,2,,,,1,1,1,1,1,2023-01-25 07:23:00.0000000
143,,Te,Upono Q&E 20-16-20,,2,2,,,,1,1,1,1,1,2023-01-25 07:23:00.0000000
144,,Te,Uponor Q&E 20-20-16,,4,2,,,,1,1,1,1,1,2023-01-25 07:23:00.0000000
145,,Manguito,Uponor Q&E 20-20,,19,5,,,,1,1,1,1,1,2023-01-25 07:23:00.0000000
146,,Manguito,Uponor Q&E 25-25,,15,5,,,,1,1,1,1,1,2023-01-25 07:23:00.0000000
147,,Manguito,Uponor Q&E reducido 25-20,,5,2,,,,1,1,1,1,1,2023-01-25 07:23:00.0000000
148,,Manguito,Uponor Q&E reducido 20-16,,1,2,,,,1,1,1,1,1,2023-01-25 07:23:00.0000000
149,,Codo,Uponor Q&E 20-20,,21,5,,,,1,1,1,1,1,2023-01-25 07:23:00.0000000
150,,Codo,Uponor Q&E 25-25,,4,2,,,,1,1,1,1,1,2023-01-25 07:23:00.0000000
151,,Codo 16-16,Uponor Q&E 16-16,,12,5,,,,1,1,1,1,1,2023-01-25 07:23:00.0000000
152,,Anillo azul,Q&E 25,,5,5,,,,1,1,1,1,1,2023-01-25 07:23:00.0000000
153,,Anillo azul,Q&E 20,,32,15,,,,1,1,1,1,1,2023-01-25 07:23:00.0000000
154,,Anillo azul,Q&E 16,,77,20,,,,1,1,1,1,1,2023-01-25 07:23:00.0000000
155,,Maneta mista,,,10,5,,,,1,1,1,1,1,2023-01-25 07:23:00.0000000
156,,Llave vista,Uponor 1/3 3/8,,3,2,,,,1,1,1,1,1,2023-01-25 07:23:00.0000000
157,,Alargadera 1/2 2cm,"12"" 2cm latón",,15,5,,,,1,1,1,1,1,2023-01-25 07:23:00.0000000
158,,Alargadera reducción,1/2 M-3/4H,,2,2,,,,1,1,1,1,1,2023-01-25 07:23:00.0000000
159,,Machón latón 3/4,44654,,12,5,,,,1,1,1,1,1,2023-01-25 07:23:00.0000000
160,,Manguito latón 1/2,Latón 1/2,,8,5,,,,1,1,1,1,1,2023-01-25 07:23:00.0000000
161,,Manguito latón 3/4,Latón 3/4,,6,5,,,,1,1,1,1,1,2023-01-25 07:23:00.0000000
162,,Reducción Balona,3/4x1/2 metal,,7,5,,,,1,1,1,1,1,2023-01-25 07:23:00.0000000
163,,Manguito,Latón 1/2 M-H,,6,5,,,,1,1,1,1,1,2023-01-25 07:23:00.0000000
164,,Alargadera,1/2 3cm,,1,1,,,,1,1,1,1,1,2023-01-25 07:23:00.0000000
165,,Racor macho,"PL 25-G3/4"" SN 1023017",,8,2,,,,1,1,1,1,1,2023-01-25 07:23:00.0000000
166,,Racor macho,PL -G1/2 Sn,,1,1,,,,1,1,1,1,1,2023-01-25 07:23:00.0000000
167,,Racor macho,"PL 25 G3/4"" MT",,11,5,,,,1,1,1,1,1,2023-01-25 07:23:00.0000000
168,,Racor macho,"PL 20 G1/2"" MT",,1,1,,,,1,1,1,1,1,2023-01-25 07:23:00.0000000
169,,Codo fijación 20-1/2,"20,5",,8,5,,,,1,1,1,1,1,2023-01-25 07:23:00.0000000
170,,Codo fijación 1/2,"16,5",,3,2,,,,1,1,1,1,1,2023-01-25 07:23:00.0000000
171,,Prolongador flex,Uponor,,1,1,,,,1,1,1,1,1,2023-01-25 07:23:00.0000000
172,,Codo latón 3/4,44654,,3,2,,,,1,1,1,1,1,2023-01-25 07:23:00.0000000
173,,Llave de corte recta 16,,,2,1,,,,1,1,1,1,1,2023-01-25 07:23:00.0000000
174,,Racor hembra,"20,75",,1,1,,,,1,1,1,1,1,2023-01-25 07:23:00.0000000
175,,Clave tierra,6mm (retal 22m),,1,1,,,,1,1,1,1,1,2023-01-25 07:23:00.0000000
176,,"Cable marrón 1,5mm","1,5mm (40m)",,1,1,,,,1,1,1,1,1,2023-01-25 07:23:00.0000000
177,,Cable negro,"1,5mm (40m)",,1,1,,,,1,1,1,1,1,2023-01-25 07:23:00.0000000
178,,Cable negro,"1,5mm (200m)",,1,1,,,,1,1,1,1,1,2023-01-25 07:23:00.0000000
179,,Cable negro,"2,5mm (40m)",,1,1,,,,1,1,1,1,1,2023-01-25 07:23:00.0000000
180,,"Cable negro 2,5","2,5mm (180m)",,1,1,,,,1,1,1,1,1,2023-01-25 07:23:00.0000000
181,,Cable negro 1mm,1mm (100m),,1,1,,,,1,1,1,1,1,2023-01-25 07:23:00.0000000
182,,Cable azul neutro,"1,5mm (100m)",,1,1,,,,1,1,1,1,1,2023-01-25 07:23:00.0000000
183,,Cable azul neutro,"2,5mm (180m)",,1,1,,,,1,1,1,1,1,2023-01-25 07:23:00.0000000
184,,"Cable rojo 1,5mm","1,5mm acometida",,1,1,,,,1,1,1,1,1,2023-01-25 07:23:00.0000000
185,,"Cable tierra 1,5mm","1,5mm",,1,1,,,,1,1,1,1,1,2023-01-25 07:23:00.0000000
186,,Barra colectora de tierra,,,2,2,,,,1,1,1,1,1,2023-01-25 07:23:00.0000000
187,,Marco 4 elementos,Simón 82 blanco 8200640-030,,1,2,,,,1,1,1,1,1,2023-01-25 07:23:00.0000000
188,,Marco 2 elementos,Simón 82 blanco 828200620,,2,2,,,,1,1,1,1,1,2023-01-25 07:23:00.0000000
189,,Enchufe superficie,4490432-035 Simón IP55,,3,2,,,,1,1,1,1,1,2023-01-25 07:23:00.0000000
190,,Cerradura cuadro,PRA90039,,1,1,,,,1,1,1,1,1,2023-01-25 07:23:00.0000000
191,,Escudos lateral,A9XPE210 (bolsa 10 ud),,2,1,,,,1,1,1,1,1,2023-01-25 07:23:00.0000000
192,,Cerradura cuadro,IDE 484448,,1,1,,,,1,1,1,1,1,2023-01-25 07:23:00.0000000
193,,Enchufe macho+hembra,,,1,1,,,,1,1,1,1,1,2023-01-25 07:23:00.0000000
194,,Enchufe trifásico,3P+N IP44 GW 62 009H,,1,1,,,,1,1,1,1,1,2023-01-25 07:23:00.0000000
195,,Clavija trifásica,3P+N IP44 GW 60 0009H,,1,1,,,,1,1,1,1,1,2023-01-25 07:23:00.0000000
196,,Soporte con tornillo mariposa,CTS 18 BC 90236,,50,30,,,,1,1,1,1,1,2023-01-25 07:23:00.0000000
197,,Taco brida M6,,,300,50,,390,,1,1,1,1,1,2023-01-25 07:23:00.0000000
198,,Taco brida M8,,,300,50,,430,,1,1,1,1,1,2023-01-25 07:23:00.0000000
199,,Tapa salida de cables,Simón 82051-30,,1,1,,,,1,1,1,1,1,2023-01-25 07:23:00.0000000
200,,"Cable manguera verde 2x1,5",73 metros,,1,0,,,,1,1,1,1,1,2023-01-25 07:23:00.0000000
201,,Cable manguera verde 2x1,,,1,,,,,1,1,1,1,1,2023-01-25 07:23:00.0000000
202,,"Cable manguera verde 4x1,5",50m,,1,,,,,1,1,1,1,1,2023-01-25 07:23:00.0000000
203,,"Cable verde 3x2,5",Rollo 50m,,1,1,,21868,,1,1,1,1,1,2023-01-25 07:23:00.0000000
204,,"Cable manguera verde 3x2,5","4,04 + 1,71 + 2,41 + 6,52",,1,,,,,1,1,1,1,1,2023-01-25 07:23:00.0000000
205,,Corrugado 20x4 rollos,(16m),,1,1,,,,1,1,1,1,1,2023-01-25 07:23:00.0000000
206,,Corrugado 32,(50m),,1,1,,,,1,1,1,1,1,2023-01-25 07:23:00.0000000
207,,Cable fibra óptica,3mm (30m),,1,1,,,,1,1,1,1,1,2023-01-25 07:23:00.0000000
208,,Cable coaxial,RG59 75ohm (50m),,1,1,,,,1,1,1,1,1,2023-01-25 07:23:00.0000000
209,,Cable altavoz rojo/negro,(100m),,1,1,,,,1,1,1,1,1,2023-01-25 07:23:00.0000000
210,,Caja de superficie,1 conexión fonestar WP-85CJ,,5,3,,,,1,1,1,1,1,2023-01-25 07:23:00.0000000
211,,Caja de superficie,12 conexión fonestar,,1,1,,,,1,1,1,1,1,2023-01-25 07:23:00.0000000
212,,Marco y chasis,2 elementos fonestar WP 149MCH,,1,1,,,,1,1,1,1,1,2023-01-25 07:23:00.0000000
213,,Cinta climaver star,75mmx50m,,4,2,,,,1,1,1,1,1,2023-01-25 07:23:00.0000000
214,,Cinta aluminio climaver,55mmx50m,,7,2,,,,1,1,1,1,1,2023-01-25 07:23:00.0000000
215,,Grapa clima 58/14,58/14 (caja 5000ud),,7,5,,,,1,1,1,1,1,2023-01-25 07:23:00.0000000
216,,Cinta antivibratoria 70mm,CINTA. Adhesiva antivibratoria 70mm (30mL),,5,1,,667,,1,1,1,1,1,2023-01-25 07:23:00.0000000
217,,Cinta de juntas pladur,,,1,1,,,,1,1,1,1,1,2023-01-25 07:23:00.0000000
218,,Cinta de juntas pladur reforzada,50mm (rollo 30m),,1,1,,,,1,1,1,1,1,2023-01-25 07:23:00.0000000
219,,Caramelos,,,100,20,,,,1,1,1,1,1,2023-01-25 07:23:00.0000000
220,,Paraguas M6,,,10,10,,,,1,1,1,1,1,2023-01-25 07:23:00.0000000
221,,Cinta aislante marrón,"CINTA. aislante, electricista, 19mmx0,15mmx20m marrón",,2,2,,65,,1,1,1,1,1,2023-01-25 07:23:00.0000000
222,,Cinta aislante gris,"CINTA. aislante, electricista, 19mmx20m, gris",,7,3,,66,,1,1,1,1,1,2023-01-25 07:23:00.0000000
223,,Cinta aislante azul,"CINTA. aislante, electricista, 19mmx20m, azul",,6,3,,247,,1,1,1,1,1,2023-01-25 07:23:00.0000000
224,,Cinta aislante blanco,"CINTA. aislante, electricista, 19mmx20m, blanco",,4,3,,66,,1,1,1,1,1,2023-01-25 07:23:00.0000000
225,,Cinta aislante negro,"CINTA. aislante, 19mmx20m, negro",,9,5,,102,,1,1,1,1,1,2023-01-25 07:23:00.0000000
226,,Trapos pintura,pack,,2,1,,255,,1,1,1,1,1,2023-01-25 07:23:00.0000000
227,,Cinta carrocero ancha,,,3,2,,,,1,1,1,1,1,2023-01-25 07:23:00.0000000
228,,Cinta carrocero estrecha,,,2,2,,,,1,1,1,1,1,2023-01-25 07:23:00.0000000
229,,Cinta doble cara,,,1,2,,,,1,1,1,1,1,2023-01-25 07:23:00.0000000
230,,Cinta baliza amarillo/negro,,,1,2,,,,1,1,1,1,1,2023-01-25 07:23:00.0000000
231,,Film alimentario morado,"(para andamios) rollo 1,5",,1,1,,,,1,1,1,1,1,2023-01-25 07:23:00.0000000
232,,Cocodrilo Hilti,MAB9 #375956,,76,25,,,,1,1,1,1,1,2023-01-25 07:23:00.0000000
233,,Abrazadera 50,,,11,5,,,,1,1,1,1,1,2023-01-25 07:23:00.0000000
234,,Abrazadera 25,,,13,5,,,,1,1,1,1,1,2023-01-25 07:23:00.0000000
235,,Abrazadera 32,,,1,5,,,,1,1,1,1,1,2023-01-25 07:23:00.0000000
236,,Taco golpe,M36x30mm (caja 200ud),,2,1,,,,1,1,1,1,1,2023-01-25 07:23:00.0000000
237,,Tuerca M6,(caja 200 ud),,1,1,,,,1,1,1,1,1,2023-01-25 07:23:00.0000000
238,,Tornillo tiras Hilti,,,675,1,,,,1,1,1,1,1,2023-01-25 07:23:00.0000000
239,,Tornillo placa-placa,"4,8x35",,1500,500,,,,1,1,1,1,1,2023-01-25 07:23:00.0000000
240,,Taco Molly,M5x37 diámetro 9,,65,30,,,,1,1,1,1,1,2023-01-25 07:23:00.0000000
241,,Piezas cuelgue techo,,,80,50,,,,1,1,1,1,1,2023-01-25 07:23:00.0000000
242,,Piezas empalme M8,,,43,30,,,,1,1,1,1,1,2023-01-25 07:23:00.0000000
243,,Piezas empalme M6,,,52,30,,,,1,1,1,1,1,2023-01-25 07:23:00.0000000
244,,Anclaje tornillo,HUS 3-H 6x80 45/25 #416737,,90,50,,,,1,1,1,1,1,2023-01-25 07:23:00.0000000
245,,Anclaje HUS H6,,,200,50,,,,1,1,1,1,1,2023-01-25 07:23:00.0000000
246,,"Tirafondo M6 4,9x30",,,71,30,,,,1,1,1,1,1,2023-01-25 07:23:00.0000000
247,,Tornillo pladur 25,,,600,200,,,,1,1,1,1,1,2023-01-25 07:23:00.0000000
248,,Tornillo 35,tirafondo,,100,200,,,,1,1,1,1,1,2023-01-25 07:23:00.0000000
249,,Tornillo 35,(maletín),,200,100,,,,1,1,1,1,1,2023-01-25 07:23:00.0000000
250,,Tornillo 45,(maletín),,100,100,,,,1,1,1,1,1,2023-01-25 07:23:00.0000000
251,,Tornillo 55,(maletín),,100,200,,,,1,1,1,1,1,2023-01-25 07:23:00.0000000
252,,Tornillo carpintería 3x45,3x45,,900,400,,,,1,1,1,1,1,2023-01-25 07:23:00.0000000
253,,Tornilllo carpintería 6x60,6x60,,170,150,,,,1,1,1,1,1,2023-01-25 07:23:00.0000000
254,,Perrillos GC40 toma tierra,,,2,2,,,,1,1,1,1,1,2023-01-25 07:23:00.0000000
255,,Cinta de embalar transparente,"CINTA. embalaje, 4120, 50mmx66m, transparente",,2,5,,287,,1,1,1,1,1,2023-01-25 07:23:00.0000000
256,,Pegamento AZ H40,Gel blanco C2TES1 25kg,,47,15,,1845,,1,1,1,1,1,2023-01-25 07:23:00.0000000
257,,Pasta junta 5K,FUGAB 0-5 01 BLANCA Kerakoll,,4,2,,968,,1,1,1,1,1,2023-01-25 07:23:00.0000000
258,,Pasta junta 5K,FUGAB 0-5 03 GRIS PERLA Kerakoll,,3,2,,1196,,1,1,1,1,1,2023-01-25 07:23:00.0000000
259,,Cinta americana,"CINTA. americana, 50mmx50m, gris plata",,0,1,,325,,1,1,1,1,1,2023-01-25 07:23:00.0000000
260,,Cinta aislante autovulcanizante,"CINTA. aislante, autovulcanizante, 10m",,0,1,,1395,,1,1,1,1,1,2023-01-25 07:23:00.0000000
261,,Cinta carrocera ancha,"CINTA. carrocera, adhesiva, 48mmx45m",,2,7,,281,,1,1,1,1,1,2023-01-25 07:23:00.0000000
262,,Cinta carrocera estrecha,"CINTA. carrocera, adhesiva, lisa, 24mmx45m",,2,5,,121,,1,1,1,1,1,2023-01-25 07:23:00.0000000
263,,Manta pintor,"MANTA. protector de suelo, fieltro+plástico, 100cmx25m",,2,2,,2733,,1,1,1,1,1,2023-01-25 07:23:00.0000000
264,,Plástico cubretodo,"PLáSTICO. cubretodo, 2x50m",,6,2,,512,,1,1,1,1,1,2023-01-25 07:23:00.0000000
265,,Film plástico burbuja,"FILM. plástico, burbuja, 150x1,20m",,1,1,,3327,,1,1,1,1,1,2023-01-25 07:23:00.0000000
266,,Film alimentario transparente,"FILM. alimentario, 30cmx300m, transparente, B04011",,0,1,,1159,,1,1,1,1,1,2023-01-25 07:23:00.0000000
267,,Film manual,"FILM. manual, estirable, 500x23micras, 2,4kg, negro",,0,1,,3517,,1,1,1,1,1,2023-01-25 07:23:00.0000000
268,,Cubrezapato,"CUBREZAPATO. plástico, azul",,0,2,,319,,1,1,1,1,1,2023-01-25 07:23:00.0000000
269,,Guantes talla mediana,"GUANTES. vinilo, s/polvo, azul, talla mediana",,1,2,,995,,1,1,1,1,1,2023-01-25 07:23:00.0000000
270,,Guantes talla grande,"GUANTE. vinilo, s/polvo, azul, talla grande",,1,2,,995,,1,1,1,1,1,2023-01-25 07:23:00.0000000
271,,Bolsa bausra 54x60cm,"BOLSA. basura, 100gr, 54x60cm, negra",,0,3,,151,,1,1,1,1,1,2023-01-25 07:23:00.0000000
272,,Bolsa basura 60x90cm,"BOLSA. basura, resistencia media, 60x90cm, negra",,0,3,,263,,1,1,1,1,1,2023-01-25 07:23:00.0000000
273,,Guantes talla 8,"Caja de 12 pares 1,91 precio unidad",,22,12,0.22599999606609344,42.02000045776367,,1,1,1,1,1,2023-01-25 07:23:00.0000000
274,,Grasa,"GRASA. litio, biodegradable, líquida, 300ml",,1,1,,538,,1,1,1,1,1,2023-01-25 07:23:00.0000000
275,,Pintura spray amarillo fluorescente,"PINTURA. spray, T146, 400ml, amarillo fluorescente (YELLOW SPRAY)",,1,2,,478,,1,1,1,1,1,2023-01-25 07:23:00.0000000
276,,Pintura spray naranja fluorescente,"PINTURA. spray, 500ml, T143, naranja fluorescente",,2,2,,478,,1,1,1,1,1,2023-01-25 07:23:00.0000000
277,,Pintura spray rojo,"PINTURA. spray marcador fluor, 650cc, rojo",,0,2,,800,,1,1,1,1,1,2023-01-25 07:23:00.0000000
278,,Aceite,"ACEITE. lubricante, 400ml",,3,2,,563,,1,1,1,1,1,2023-01-25 07:23:00.0000000
279,,"Brida 3,6x279mm","BRIDA. 3,6x279mm, negra",,0,5,,509,,1,1,1,1,1,2023-01-25 07:23:00.0000000
280,,"Brida 4,8x287mm","BRIDA. 4,8x287mm, negra",,0,5,,822,,1,1,1,1,1,2023-01-25 07:23:00.0000000
281,,"Brida 100x2,5","BRIDA. blanca 100x2,5",,1,1,,52,,1,1,1,1,1,2023-01-25 07:23:00.0000000
282,,Tacos 6mm,"TACOS. presión para brida, 6mm",,0,2,,450,,1,1,1,1,1,2023-01-25 07:23:00.0000000
283,,Tacos 8mm,"TACO. para bridas, taladro, nylon, 8mm, negro",,0,2,,530,,1,1,1,1,1,2023-01-25 07:23:00.0000000
284,,Cuchilla para cutter,"CUCHILLA. para cutter, recambio, 18mm",,3,2,,282,,1,1,1,1,1,2023-01-25 07:23:00.0000000
285,,Electrodos,"ELECTRODOS. básico, E7016, 2,50x3,50mm",,144,50,,10680,,1,1,1,1,1,2023-01-25 07:23:00.0000000
286,,Filtro VC 20-UM,FILTRO. para aspirador VC 20-UM,,0,1,,15142,,1,1,1,1,1,2023-01-25 07:23:00.0000000
287,,Taco esponja,"TACO. de esponja, lija, abrasiva, grano fino",,3,5,,49,,1,1,1,1,1,2023-01-25 07:23:00.0000000
288,,Taco lija fina,"TACO. lija, super fina. grano 180",,3,3,,62,,1,1,1,1,1,2023-01-25 07:23:00.0000000
289,,Calzo 20x100mm,"CALZO. nivelar, 20x100mm",,0,1,,5470,,1,1,1,1,1,2023-01-25 07:23:00.0000000
290,,Set,"SET. reparación madera, rotuladores, ceras, sacapuntas",,0,1,,1099,,1,1,1,1,1,2023-01-25 07:23:00.0000000
291,,Limpiador spray,"LIMPIADOR. spray, para herramientas, componentes eléctricos",,1,2,,706,,1,1,1,1,1,2023-01-25 07:23:00.0000000
292,,Pila LR6,"PILA. alcalina, AA, LR6, Max Plus",,0,1,,1639,,1,1,1,1,1,2023-01-25 07:23:00.0000000
293,,P,,,0,,,,,1,1,1,1,1,2023-01-25 07:23:00.0000000
294,,Pila LR3,"PILA. alcalina, AAA, LR3, Max Plus",,0,1,,1639,,1,1,1,1,1,2023-01-25 07:23:00.0000000
295,,Cuerda,"CUERDA. de albañil, polietileno, 4 cabos, diámetro 5mm",,0,1,,335,,1,1,1,1,1,2023-01-25 07:23:00.0000000
296,,Esponja,"ESPONJA. embaldosador, alicatador, mixta",,0,2,,320,,1,1,1,1,1,2023-01-25 07:23:00.0000000
297,,Calzo 1mm,"CALZO. sistema de nivelación, Peygran, 1mm, 1/32""",,0,1,,2699,,1,1,1,1,1,2023-01-25 07:23:00.0000000
298,,Calzo 2mm,"CALZO. sistema de nivelación, Peygran, 2mm",,0,1,,2699,,1,1,1,1,1,2023-01-25 07:23:00.0000000
299,,Cuña de nivelación,"CUÑA. alicatado, plástico, sistema de nivelación, 72x14x20,5",,4,1,,882,,1,1,1,1,1,2023-01-25 07:23:00.0000000
300,,Crucetas 1mm,"CRUCETAS. p/juntas alicatado, 1mm",,2,1,,255,,1,1,1,1,1,2023-01-25 07:23:00.0000000
301,,Crucetas 2mm,"CRUCETAS. p/juntas baldosa, 2mm (TILE CROSS)",,2,1,,357,,1,1,1,1,1,2023-01-25 07:23:00.0000000
302,,Cuña alicatado 6mm,"CUÑA. alicatado, plástico, 6mm",,0,1,,709,,1,1,1,1,1,2023-01-25 07:23:00.0000000
303,,Marcador,MARCADOR. para marcar sobre el tejido neto,,0,1,,629,,1,1,1,1,1,2023-01-25 07:23:00.0000000
304,,Varilla,"VARILLA. soldar cobre 80%, plata 20%, diámetro 1,5 500gr",,0,1,,6495,,1,1,1,1,1,2023-01-25 07:23:00.0000000
305,,Cinta adhesiva 50 micras,"CINTA. adhesiva de aluminio, 50 micras, 63mmx50m",,0,10,,853,,1,1,1,1,1,2023-01-25 07:23:00.0000000
306,,Cinta antivibratoria 50mm,"CINTA. adhesiva, antivibratoria, 50mm, 30ml",,0,,,586,,1,1,1,1,1,2023-01-25 07:23:00.0000000
307,,Cinta adhesiva,"CINTA. adhesiva, antivibratoria, 70mm, 30ml",,0,,,667,,1,1,1,1,1,2023-01-25 07:23:00.0000000
308,,Cinta antivibratoria 90mm,"CINTA. adhesiva, antivibratoria, 90mm",,0,,,1270,,1,1,1,1,1,2023-01-25 07:23:00.0000000
309,,Cinta de juntas,"CINTA de juntas de papel para tabiquería seca, 5,1 cm.",,0,,,393,,1,1,1,1,1,2023-01-25 07:23:00.0000000
310,,Espuma de poliuretano,"ESPUMA para pistola, poliuretano, 1C, 750ml",,7,3,,668,,1,1,1,1,1,2023-01-25 07:23:00.0000000
311,,Espuma con cánula,"ESPUMA con cánula, poliuretano, Soudafoam, 750ml",,0,3,,534,,1,1,1,1,1,2023-01-25 07:23:00.0000000
312,,Limpiador de espuma,"LIMPIADOR de espuma de poliuretano, para pistola, 500ml",,2,1,,1656,,1,1,1,1,1,2023-01-25 07:23:00.0000000
313,,Silicona para sanitario,"SILICONA para sanitario, base acuosa, 310ml, blanca",,6,1,,506,,1,1,1,1,1,2023-01-25 07:23:00.0000000
314,,Adhesivo transparente,"ADHESIVO, MS Absolute Extrem, 300ml, transparente.",,12,12,,1259,,1,1,1,1,1,2023-01-25 07:23:00.0000000
315,,Masilla acrílica 300ml,"MASILLA acrílica, 300ml, blanca, Novo Sil",,12,12,,161,,1,1,1,1,1,2023-01-25 07:23:00.0000000
316,,Silicona neutra,"SILICONA neutra, Plus, 310ml, gris ral 7016",,13,4,,553,,1,1,1,1,1,2023-01-25 07:23:00.0000000
317,,Silicona acética,"SILICONA acética, puro Mapesil AC Negro Mapei",,2,2,,349,,1,1,1,1,1,2023-01-25 07:23:00.0000000
318,,Masilla plástica,"MASILLA plástica, 500ml.",,0,1,,695,,1,1,1,1,1,2023-01-25 07:23:00.0000000
319,,Adhesivo coquilla,ADHESIVO para coquilla.,,0,1,,806,,1,1,1,1,1,2023-01-25 07:23:00.0000000
320,,Disco corte azulejos,"DISCO. corte, para azulejos, DC-D SPX, 125x22,23mm",,0,2,,2867,,1,1,1,1,1,2023-01-25 07:23:00.0000000
321,,Disco corte metal,"DISCO. corte metal, abrasivo, fino, AC-D SPX, 125x1,0x22,23mm",,0,1,,9643,,1,1,1,1,1,2023-01-25 07:23:00.0000000
322,,Disco de láminas,"DISCO. de láminas, desbaste y pulido, acero inoxidable, AF-D, P60 SP, 125x22,2mm, negro",,0,1,,327,,1,1,1,1,1,2023-01-25 07:23:00.0000000
323,,Disco de desbaste,"DISCO. de desbaste, metal, AG-D SP, 125x6,4x22,23mm",,0,2,,389,,1,1,1,1,1,2023-01-25 07:23:00.0000000
324,,Disco lijadora P80,"DISCO. para lijadora pared y techo, velcro, malla, P80, 225",,0,5,,107,,1,1,1,1,1,2023-01-25 07:23:00.0000000
325,,Disco lijadora P120,"DISCO. para lijadora pared y techo, velcro, malla, P120, 225",,0,5,,107,,1,1,1,1,1,2023-01-25 07:23:00.0000000
326,,"Disco corte hormigón 125x1,8x22,23mm","DISCO. corte hormigón, diamante, silencioso, EQD SPX, 125x1,8x22,23mm",,0,1,,10458,,1,1,1,1,1,2023-01-25 07:23:00.0000000
327,,"Disco corte hormigón 230x2x22,23mm","DISCO. corte hormigón, diamante, silencioso, EQD SPX, 230x2x22,23mm",,0,1,,10782,,1,1,1,1,1,2023-01-25 07:23:00.0000000
328,,"Puntas sin cabeza 0,6mm","PUNTAS. sin cabeza, grosor 0,6mm, largo 30mm",,0,1,,2553,,1,1,1,1,1,2023-01-25 07:23:00.0000000
329,,Broca percusión 6x120mm,"BROCA. taladro, percusión SDS Plus, TE-CX, 6x120mm",,0,1,,725,,1,1,1,1,1,2023-01-25 07:23:00.0000000
330,,Broca percusión 8x120mm,"BROCA. taladro, percusión SDS Plus, TE-CX, 8x120mm",,0,1,,887,,1,1,1,1,1,2023-01-25 07:23:00.0000000
331,,Broca diamante,"BROCA. diamante, DD-BH , 6mm",,0,4,,3573,,1,1,1,1,1,2023-01-25 07:23:00.0000000
332,,Juego de hojas de sierra,"JUEGO. hojas, sierra calar, SJB BC, 10hojas/paquete",,0,1,,1060,,1,1,1,1,1,2023-01-25 07:23:00.0000000
333,,Hoja sierra sable 152mm,"HOJA. sierra sable, MD, 152mm",,0,,,3688,,1,1,1,1,1,2023-01-25 07:23:00.0000000
334,,Hoja sierra sable 230mm,"HOJA. sierra sable, MB, 230mm",,0,,,2465,,1,1,1,1,1,2023-01-25 07:23:00.0000000
335,,Hoja sierra sable 153mm,"HOJA. sierra sable tabique seco y fibrocemento, 153mm,",,0,1,,21628,,1,1,1,1,1,2023-01-25 07:23:00.0000000
336,,Hoja sierra sable 300mm,"HOJA. sierra sable corete ladrillo y hormigón, 300mm",,0,1,,9067,,1,1,1,1,1,2023-01-25 07:23:00.0000000
337,,Brocas de hierro,Brocas de hierro,,0,1,,15662,,1,1,1,1,1,2023-01-25 07:23:00.0000000
338,,Hoja sierra arco,HOJA de sierra de arco,,4,2,,76,,1,1,1,1,1,2023-01-25 07:23:00.0000000
339,,Taco yeso,TACO para yeso Duotec,,0,1,,2094,,1,1,1,1,1,2023-01-25 07:23:00.0000000
340,,Taco químico plástico,Taco para taco químico de plástico (tamiz anclaje químico),,3,20,,1595,,1,1,1,1,1,2023-01-25 07:23:00.0000000
341,,Tornillo autoperforante,"TORNILLO. PP autoperforante TN 5,5x32",,50,15,,268,,1,1,1,1,1,2023-01-25 07:23:00.0000000
342,,Tornillo placa metal,"TORNILLO. placa metal, punta broca, 3,5x45mm, fosfatado",,0,1,,1237,,1,1,1,1,1,2023-01-25 07:23:00.0000000
343,,"Tornillo placa yeso 3,5x25","TORNILLO. placa yeso, 3,5x25mm, fosfatado",,1,1,,691,,1,1,1,1,1,2023-01-25 07:23:00.0000000
344,,"Tornillo placa yeso 3,5x45","TORNILLO. placa yeso, 3,5x45mm, fosfatado",,1,1,,535,,1,1,1,1,1,2023-01-25 07:23:00.0000000
345,,Tornillo tabique seco,"TORNILLO. tabique seco, tira, S-DS01B, 3,5x35",,0,2,,2707,,1,1,1,1,1,2023-01-25 07:23:00.0000000
346,,Tornillo pladur,TORNILLO. Pladur PMA 4.8x35,,0,1,,1316,,1,1,1,1,1,2023-01-25 07:23:00.0000000
347,,Tornillo aglomerado,"TORNILLO. aglomerado, avellanada, pozidrive, DIN7505-A, M4x50",,0,1,,1135,,1,1,1,1,1,2023-01-25 07:23:00.0000000
348,,Tornillo aglomerado,"TORNILLO. aglomerado, avellanada, pozidrive, DIN7505-A, M4x70",,0,1,,3013,,1,1,1,1,1,2023-01-25 07:23:00.0000000
349,,Tornillo aglomerado,"TORNILLO. aglomerado, avellanada, pozidrive, DIN7505-A, M5x60",,0,1,,1621,,1,1,1,1,1,2023-01-25 07:23:00.0000000
350,,Tornillo aglomerado,"TORNILLO. aglomerado, avellanada, pozidrive, DIN7505-A, M6x100",,0,1,,3821,,1,1,1,1,1,2023-01-25 07:23:00.0000000
351,,Tornillo aglomerado,"TORNILLO. aglomerado, avellanada, pozidrive, DIN7505-A, M6x140",,0,1,,6401,,1,1,1,1,1,2023-01-25 07:23:00.0000000
352,,Anclaje tornillo M6 6x35mm,"ANCLAJE. tornillo, HUS3-I, flex, M6, 6x35mm",,0,100,,4483,,1,1,1,1,1,2023-01-25 07:23:00.0000000
353,,Anclaje tornillo M8/M10 6x35mm,"ANCLAJE. tornillo, HUS3-I, M8/M10, 6x35mm [SCREW ANCHOR]",,0,1,,7447,,1,1,1,1,1,2023-01-25 07:23:00.0000000
354,,Anclaje tornillo M8/M10 6x55mm,"ANCLAJE. tornillo, HUS3-I, M8/M10, 6x55mm",,100,100,,9438,,1,1,1,1,1,2023-01-25 07:23:00.0000000
355,,Tornillo tirafondo 6x60,"TORNILLO. tirafondo, hexagonal, DIN571, 6x60, zincado",,190,50,,610,,1,1,1,1,1,2023-01-25 07:23:00.0000000
356,,"Tornillo autotaladrante 5,5 x 63",Cabeza hexagonal con arandela estampada,,40,15,,586,,1,1,1,1,1,2023-01-25 07:23:00.0000000
357,,Tornillo panel sándwich,"TORNILLO. para panel sandwich, autotaladrante, arandela de acero 16mm, EPDM, DIN7504-K, 6,3x115",,0,1,,3376,,1,1,1,1,1,2023-01-25 07:23:00.0000000
358,,Arandela plana DIN 125,"ARANDELA. plana, ala normal, DIN125, M6, zincada",,0,1,,1000,,1,1,1,1,1,2023-01-25 07:23:00.0000000
359,,Arandela plana DIN 126,"ARANDELA. plana, DIN126, M8, inoxidable",,0,200,,2,,1,1,1,1,1,2023-01-25 07:23:00.0000000
360,,Tuerca hexagonal,"TUERCA. hexagonal, DIN934, M6, inoxidable",,0,200,,2,,1,1,1,1,1,2023-01-25 07:23:00.0000000
361,,Tuerca hexagonal,"TUERCA. hexagonal, DIN936, M8, zincada",,0,1,,546,,1,1,1,1,1,2023-01-25 07:23:00.0000000
362,,Tuerca autoblocante,"TUERCA. autoblocante, DIN985, M6, zincado",,0,1,,297,,1,1,1,1,1,2023-01-25 07:23:00.0000000
363,,Tuerca autoblocante,"TUERCA. autoblocante, DIN985, M8, zincado",,0,1,,277,,1,1,1,1,1,2023-01-25 07:23:00.0000000
364,,Manguito hexagonal M6x30,"MANGUITO. unión varilla roscada, hexagonal, DIN6334, M6x30",,0,1,,5033,,1,1,1,1,1,2023-01-25 07:23:00.0000000
365,,Manguito hexagonal M8x25,"MANGUITO. unión varilla roscada, hexagonal, DIN6334, M8x25",,0,1,,5057,,1,1,1,1,1,2023-01-25 07:23:00.0000000
366,,Clavos para encofrar,"CLAVOS. para encofrar, 20x100mm, paq/3kg [NAILS]",,0,1,,150,,1,1,1,1,1,2023-01-25 07:23:00.0000000
367,,Tornillo unión placas,"TORNILLO. union placas, 3,9x45, fosfatado",,0,1,,2398,,1,1,1,1,1,2023-01-25 07:23:00.0000000
368,,Clavos tira,"CLAVOS. tira, X-P, 24 B3 MX, vástago de perno 24mm",,0,1,,12937,,1,1,1,1,1,2023-01-25 07:23:00.0000000
369,,Taco golpe,"TACO. golpe, 6x30mm, 200ud",,1,1,,1240,,1,1,1,1,1,2023-01-25 07:23:00.0000000
370,,Adhesivo tuberías,"ADHESIVO. para tuberías, con pincel, pvc, 500gr",,1,1,,670,,1,1,1,1,1,2023-01-25 07:23:00.0000000
371,,Limpiador tubería,"LIMPIADOR. tubería, pvc, 1000ml",,0,1,,1271,,1,1,1,1,1,2023-01-25 07:23:00.0000000
372,,Hilo sellador,"HILO. sellador, tubería, mod. 55",,0,2,,835,,1,1,1,1,1,2023-01-25 07:23:00.0000000
373,,Conector macho RJ11,"CONECTOR. macho, RJ11, SK2-C12224-B149",,0,1,,460,,1,1,1,1,1,2023-01-25 07:23:00.0000000
374,,Conector macho RJ45,"CONECTOR. macho, categoría 6, RJ45",,0,1,,998,,1,1,1,1,1,2023-01-25 07:23:00.0000000
375,,Funda conector RJ45,"FUNDA. para conector RJ45, de cable Ethernet, gris",,0,1,,106,,1,1,1,1,1,2023-01-25 07:23:00.0000000
376,,"Cable azul 1,5mm","CABLE. Neutro H07Z1-K 1x1,5mm, azul",,1,1,,3144,,1,1,1,1,1,2023-01-25 07:23:00.0000000
377,,"Cable negro 1,5mm","CABLE. flexible, H07Z1-K (AS), 1x1,5mm, negro",,1,1,,4235,,1,1,1,1,1,2023-01-25 07:23:00.0000000
378,,"Cable azul 2,5mm","CABLE. flexible, neutro, H07Z1-K, 1x2,5mm, azul",,1,1,,2476,,1,1,1,1,1,2023-01-25 07:23:00.0000000
379,,"Cable negro 2,5mm","CABLE. flexible, H07Z1-K (AS), 1x2,5mm, negro",,1,1,,2476,,1,1,1,1,1,2023-01-25 07:23:00.0000000
380,,"Cable gris 2,5mm","CABLE. flexible, H07Z1-K (AS), B2ca, 1x2,5mm, gris",,1,1,,3043,,1,1,1,1,1,2023-01-25 07:23:00.0000000
381,,"Cable marrón 2,5mm","CABLE. flexible, H07Z1-K (AS), 1x2,5mm, marrón",,1,1,,3043,,1,1,1,1,1,2023-01-25 07:23:00.0000000
382,,Cable azul 4mm,"CABLE. neutro, H07Z1-K, 1x4mm, azul",,0,1,,4003,,1,1,1,1,1,2023-01-25 07:23:00.0000000
383,,Cable negro 4mm,"CABLE. flexible, H07Z1-K (AS), B2ca, 1x4mm², negro",,0,1,,3827,,1,1,1,1,1,2023-01-25 07:23:00.0000000
384,,Cable azul 6mm,CABLE. Neutro H07Z1-K 1x6mm² Azul,,1,1,,7487,,1,1,1,1,1,2023-01-25 07:23:00.0000000
385,,Cable negro 6mm,"CABLE. flexible, H07Z1-K (AS), 6mm², negro",,1,1,,7487,,1,1,1,1,1,2023-01-25 07:23:00.0000000
386,,Señalizador 0,"SEÑALIZADOR de cable numeración 0 2,5mm",,180,20,,115,,1,1,1,1,1,2023-01-25 07:23:00.0000000
387,,Señalizador 1,"SEÑALIZADOR de cable numeración 1 2,5mm",,30,20,,115,,1,1,1,1,1,2023-01-25 07:23:00.0000000
388,,Señalizador 2,"SEÑALIZADOR de cable numeración 2 2,5mm",,20,20,,115,,1,1,1,1,1,2023-01-25 07:23:00.0000000
389,,Señalizador 3,"SEÑALIZADOR de cable numeración 3 2,5mm",,160,20,,115,,1,1,1,1,1,2023-01-25 07:23:00.0000000
390,,Señalizador 4,"SEÑALIZADOR de cable numeración 4 2,5mm",,115,1,,115,,1,1,1,1,1,2023-01-25 07:23:00.0000000
391,,Señalizador 5,"SEÑALIZADOR de cable numeración 5 2,5mm",,135,20,,115,,1,1,1,1,1,2023-01-25 07:23:00.0000000
392,,Señalizador 6,"SEÑALIZADOR de cable numeración 6 2,5mm",,100,20,,115,,1,1,1,1,1,2023-01-25 07:23:00.0000000
393,,Señalizador 7,"SEÑALIZADOR de cable numeración 7 2,5mm",,150,40,,115,,1,1,1,1,1,2023-01-25 07:23:00.0000000
394,,Señalizador 8,"SEÑALIZADOR de cable numeración 8 2,5mm",,160,20,,115,,1,1,1,1,1,2023-01-25 07:23:00.0000000
395,,Señalizador 9,"SEÑALIZADOR de cable numeración 9 2,5mm",,145,20,,115,,1,1,1,1,1,2023-01-25 07:23:00.0000000
396,,Señalizador E,"SEÑALIZADOR de cable numeración E 2,5mm",,40,20,,115,,1,1,1,1,1,2023-01-25 07:23:00.0000000
397,,"Puntera hueca 1,5mm negro","PUNTERA. hueca, aislada, APF, 1,50mm, negro [CRIMP BOOTLACE FERRULE]",,0,1,,74,,1,1,1,1,1,2023-01-25 07:23:00.0000000
398,,"Puntera hueca 2,5mm gris","PUNTERA. hueca, aislada, APF, 2,50mm, gris [CRIMP BOOTLACE FERRULE]",,0,1,,74,,1,1,1,1,1,2023-01-25 07:23:00.0000000
399,,"Puntera hueca doble 1,5mm","PUNTERA. doble, hueca, aislada, 1,5mm",,0,1,,74,,1,1,1,1,1,2023-01-25 07:23:00.0000000
400,,"Puntera hueca doble 2,5mm","PUNTERA. doble, hueca, aislada, 2,5mm",,0,1,,100,,1,1,1,1,1,2023-01-25 07:23:00.0000000
401,,Puntera hueca 4mm,"PUNTERA. hueca, aislada, 4mm",,0,1,,175,,1,1,1,1,1,2023-01-25 07:23:00.0000000
402,,Puntera hueca 6mm,"PUNTERA. hueca, aislada, 6mm",,0,1,,175,,1,1,1,1,1,2023-01-25 07:23:00.0000000
403,,Puntera hueca 10mm,"PUNTERA. hueca, aislada, 10mm",,0,1,,175,,1,1,1,1,1,2023-01-25 07:23:00.0000000
404,,Terminal puntera blanco,TERMINAL. Puntera preaislada 16mm Blanco,,0,1,,264,,1,1,1,1,1,2023-01-25 07:23:00.0000000
405,,"Borne 0,14-4mmx5","BORNE. terminal de conexión, 0,14 a 4 mm²x5 conectores",,0,10,,1788,,1,1,1,1,1,2023-01-25 07:23:00.0000000
406,,"Borne 0,14-4mmx3","BORNE. terminal de conexión, 0,14 a 4 mm²x3 conectores",,0,1,,1499,,1,1,1,1,1,2023-01-25 07:23:00.0000000
407,,Borne 6mmx3,"BORNE. terminal de conexión, 6 mm²x3 conectores [TERMINAL CONNECTOR BLOCK]",,0,25,,1678,,1,1,1,1,1,2023-01-25 07:23:00.0000000
408,,Borne 6mmx5,"BORNE. terminal de conexión, 6 mm²x5 conectores [TERMINAL CONNECTOR BLOCK]",,0,10,,1678,,1,1,1,1,1,2023-01-25 07:23:00.0000000
409,,Cola,"COLA. adhesivo, vinílico en dispersión acuosa, para unión de lana",,0,2,,1083,,1,1,1,1,1,2023-01-25 07:23:00.0000000
410,,Grapa,GRAPA. para grapadora,,0,1,,1137,,1,1,1,1,1,2023-01-25 07:23:00.0000000
411,,Bridas 9x1220mm,"BRIDAS. nylon, 9x1220mm, incolora",,0,1,,4525,,1,1,1,1,1,2023-01-25 07:23:00.0000000
412,,Recambio cuchillas,"CUCHILLAS. variadas, juego de recambio, para herramientas MM² y M",,1,1,,6171,,1,1,1,1,1,2023-01-25 07:23:00.0000000
413,,Cinta aislante verde/amarillo,"CINTA. aislante, electricista, 19mmx20m, verde/amarillo",,0,3,,61,,1,1,1,1,1,2023-01-25 07:23:00.0000000
414,,Tiritas resistentes al agua,"TIRITAS. resistentes al agua, 100x6cm",,0,,,301,,1,1,1,1,1,2023-01-25 07:23:00.0000000
415,,Tiritas adhesivas,"TIRITAS. adhesivas, tela precortadas",,0,,,263,,1,1,1,1,1,2023-01-25 07:23:00.0000000
416,,Agua oxigenada,"AGUA. oxigenada, 250 ml",,0,,,134,,1,1,1,1,1,2023-01-25 07:23:00.0000000
417,,Ganchos para guantes,"GANCHOS. para guantes de trabajo, azul,",,0,,,999,,1,1,1,1,1,2023-01-25 07:23:00.0000000
418,,Mascarilla FFP1,"MASCARILLA. antipartículas, s/válvula, FFP1",,0,,,2104,,1,1,1,1,1,2023-01-25 07:23:00.0000000
419,,Mascarilla quirúrgica,"MASCARILLA. quirúrgica, s/latex, s/fibra de vidrio, 3 capas, con gomas, azul",,0,,,156,,1,1,1,1,1,2023-01-25 07:23:00.0000000
420,,Mascarilla autofiltrante FFP2,"MASCARILLA. autofiltrante, desechable, plegada, c/válvula, blanca, FFP2",,0,,,1271,,1,1,1,1,1,2023-01-25 07:23:00.0000000
421,,Mascarilla para partículas FFP2,"MASCARILLA. para partículas, con válvula, FFP2",,0,,,484,,1,1,1,1,1,2023-01-25 07:23:00.0000000
422,,Mascarilla antivapores,"MASCARILLA. antivapores, media máscara reutilizable, 6100, pequeña",,1,1,,2879,,1,1,1,1,1,2023-01-25 07:23:00.0000000
423,,Filtro mascarilla,"FILTRO. para mascarilla, antivapores, serie 6100",,0,,,1900,,1,1,1,1,1,2023-01-25 07:23:00.0000000
424,,Cinta señalización subterránea,"CINTA. señalización, subterránea, con texto: ""Atencion tuberia agua"", 15cmx200m, galga 300",,0,,,1809,,1,1,1,1,1,2023-01-25 07:23:00.0000000
425,,Almohadilla,"ALMOHADILLA. alfombra, protección, rodillas",,0,,,2369,,1,1,1,1,1,2023-01-25 07:23:00.0000000
426,,Candado,"CANDADO. para bloqueo, clavija de enchufe, 488, rojo",,0,,,2499,,1,1,1,1,1,2023-01-25 07:23:00.0000000
427,,Cinta señalización eléctrica,"CINTA. de seguridad, conducción enterrada de tubos, señalización eléctrica, 15cmx250m",,1,,,4883,,1,1,1,1,1,2023-01-25 07:23:00.0000000
428,,Etiqueta de seguridad,"ETIQUETA. de seguridad, con ID y fotografía Danger Do Not Operate, 80x146mm",,0,,,3697,,1,1,1,1,1,2023-01-25 07:23:00.0000000
429,,Balizas amarillo/naranja,"BALIZAS. seÑalizadoras, led, (Pack de 2 balizas), amarillo/naranja",,1,,,2009,,1,1,1,1,1,2023-01-25 07:23:00.0000000
430,,Cinta de seguridad roja/blanca,"CINTA. de seguridad, señalización, prohibición, 7cmx250m, roja y blanca",,2,,,361,,1,1,1,1,1,2023-01-25 07:23:00.0000000
431,,"Cinta ""No pasar""","CINTA. de seguridad, señalización, prohibición, texto: ""No pasar"", 7cmx200m, roja/blanca",,0,,,28692,,1,1,1,1,1,2023-01-25 07:23:00.0000000
432,,Cartel señalización,"CARTEL. señalización, epis de obra, S21, multicolor, 500x900mm",,0,,,1198,,1,1,1,1,1,2023-01-25 07:23:00.0000000
433,,Rodillera,"RODILLERA. para exterior del pantalón, GEL KP30, negro",,0,,,1481,,1,1,1,1,1,2023-01-25 07:23:00.0000000
434,,Buzo XL,"BUZO. seguridad, químico, desechable, de plástico, tipo 5/6, talla XL, blanco",,0,,,532,,1,1,1,1,1,2023-01-25 07:23:00.0000000
435,,Buzo L,"BUZO. seguridad, químico, desechable, de plástico, tipo 5/6, talla L, blanco",,0,,,532,,1,1,1,1,1,2023-01-25 07:23:00.0000000
436,,Buzo M,"BUZO. seguridad, químico, desechable, de plástico, tipo 5/6, talla M, blanco",,0,,,532,,1,1,1,1,1,2023-01-25 07:23:00.0000000
437,,Pantalla seguridad,"PANTALLA. seguridad, visera, protector, policarbonato, transparente [FACE PROTECTION]",,11,4,,1267,,1,1,1,1,1,2023-01-25 07:23:00.0000000
438,,Portavisera,"PORTAVISERA. seguridad, soporte [VISOR HOLDER]",,0,,,973,,1,1,1,1,1,2023-01-25 07:23:00.0000000
439,,Cubregafas,"CUBREGAFAS. seguridad, transparente, nuevas 20m precio unidad",,1,2,0.03999999910593033,20,,1,1,1,1,1,2023-01-25 07:23:00.0000000
440,,RJ45 Conector,,,7,2,,,,1,1,1,1,1,2023-01-25 07:23:00.0000000
441,,Protectores conector RJ45,,,50,10,,,,1,1,1,1,1,2023-01-25 07:23:00.0000000
442,,"Brida 7,7x370",,,200,50,,,,1,1,1,1,1,2023-01-25 07:23:00.0000000
443,,Brida 4.5x160,,,200,50,,,,1,1,1,1,1,2023-01-25 07:23:00.0000000
444,,Enchufe base dos,Base enchufe doble blanca 077252E,,2,,,,,1,1,1,1,1,2023-01-25 07:23:00.0000000
445,,Caja estanca suelo,Parla,BP30076,1,,,,,1,1,1,1,1,2023-01-25 07:23:00.0000000
446,,Spray pintura roja,,,1,,,389,,1,1,1,1,1,2023-01-25 07:23:00.0000000
447,,"Cuchillas cutter 1,8mm",,,10,5,,767,,1,1,1,1,1,2023-01-25 07:23:00.0000000
448,,Cinta juntas 150m,,,3,1,,298,,1,1,1,1,1,2023-01-25 07:23:00.0000000
449,,Calzo 1mm,bolsa 300mm,,300,150,,1870,,1,1,1,1,1,2023-01-25 07:23:00.0000000
450,,Plástico burbuja,75m,,1,,,5508,,1,1,1,1,1,2023-01-25 07:23:00.0000000
451,,Pasta de juntas,,,3,1,,4530,,1,1,1,1,1,2023-01-25 07:23:00.0000000
452,,Pasta de agarre,,,2,,,755,,1,1,1,1,1,2023-01-25 07:23:00.0000000
453,,Placa yeso verde 13mm,,,5,,,1215,,1,1,1,1,1,2023-01-25 07:23:00.0000000
454,,Montante 70mm,,,8,,,381,,1,1,1,1,1,2023-01-25 07:23:00.0000000
455,,Canal sin pestañas 40mm,,,3,,,255,,1,1,1,1,1,2023-01-25 07:23:00.0000000
456,,Placa pladur 15mm,,,11,,,807,,1,1,1,1,1,2023-01-25 07:23:00.0000000
457,,Placa yeso verde 15mm,,,2,,,1430,,1,1,1,1,1,2023-01-25 07:23:00.0000000
458,,Butacas,Cajas de 4 butacas,,38,,1520,,,1,1,1,1,1,2023-01-25 07:23:00.0000000
459,,Moqueta,Cajas con varias unidades,,53,,530,,,1,1,1,1,1,2023-01-25 07:23:00.0000000
460,,Paneles fonoabsorbentes,Cajas con varias unidades,,2,,30,,,1,1,1,1,1,2023-01-25 07:23:00.0000000
461,,Mueble pequeño,,,3,,45,,,1,1,1,1,1,2023-01-25 07:23:00.0000000
462,,Estantería pequeña,,,1,,,500,,1,1,1,1,1,2023-01-25 07:23:00.0000000
463,,Fregadero,,,1,,,500,,1,1,1,1,1,2023-01-25 07:23:00.0000000
464,,Estantería grande,,,3,,,13500,,1,1,1,1,1,2023-01-25 07:23:00.0000000
465,,Mueble publicaciones,,,2,,80,,,1,1,1,1,1,2023-01-25 07:23:00.0000000
466,,Tablón de anuncios,,,2,,20,,,1,1,1,1,1,2023-01-25 07:23:00.0000000
467,,Escritorio/mueble de sonido,,,4,,300,,,1,1,1,1,1,2023-01-25 07:23:00.0000000
468,,Caja contribuciones,,,1,,15,,,1,1,1,1,1,2023-01-25 07:23:00.0000000
469,,Test COVID,,,40,,,215,,1,1,1,1,1,2023-01-25 07:23:00.0000000
470,,Polvo trazador tiralíneas,,,1,,,,,1,1,1,1,1,2023-01-25 07:23:00.0000000
471,,Mascarillas FFP2,,,79,10,,,,1,1,1,1,1,2023-01-25 07:23:00.0000000
472,,Guantes negros de nitrilo,,,90,10,,,,1,1,1,1,1,2023-01-25 07:23:00.0000000
473,,Estropajo,,,2,1,,129,,1,1,1,1,1,2023-01-25 07:23:00.0000000
474,,Puntas atornilladora PH2,,,5,1,,347,,1,1,1,1,1,2023-01-25 07:23:00.0000000
475,,Puntas atornilladora PZ,,,5,1,,347,,1,1,1,1,1,2023-01-25 07:23:00.0000000
476,,Cinta de malla,,,5,1,,601,,1,1,1,1,1,2023-01-25 07:23:00.0000000
477,,Taco lija mediano,,,3,,,62,,1,1,1,1,1,2023-01-25 07:23:00.0000000
478,11111,3 en 1,,,3,1,,563,,1,1,1,1,1,2023-01-25 07:23:00.0000000
479,,Broca metal 13,"7,51 precio unidad",,2,1,,15.020000457763672,,1,1,1,1,1,2023-01-25 07:23:00.0000000
480,,"Broca metal 12,5","7,51 precio unidad",,2,1,,15.020000457763672,,1,1,1,1,1,2023-01-25 07:23:00.0000000
481,,Broca metal 12,"7,51 precio unidad",,2,1,,15.020000457763672,,1,1,1,1,1,2023-01-25 07:23:00.0000000
482,,"Broca metal 11,5","7,51 precio unidad",,2,1,,15.020000457763672,,1,1,1,1,1,2023-01-25 07:23:00.0000000
483,,Broca metal 11,"7,51 precio unidad",,2,1,,15.020000457763672,,1,1,1,1,1,2023-01-25 07:23:00.0000000
484,,"Broca metal 10,5","7,51 precio unidad",,2,1,,15.020000457763672,,1,1,1,1,1,2023-01-25 07:23:00.0000000
485,,Broca metal 10,"7,51 precio unidad",,2,1,,15.020000457763672,,1,1,1,1,1,2023-01-25 07:23:00.0000000
486,,"Broca metal 9,5","7,51 precio unidad",,2,1,,15.020000457763672,,1,1,1,1,1,2023-01-25 07:23:00.0000000
487,,Broca metal 9,"7,51 precio unidad",,2,1,,15.020000457763672,,1,1,1,1,1,2023-01-25 07:23:00.0000000
488,,"Broca metal 8,5","7,51 precio unidad",,2,1,,15.020000457763672,,1,1,1,1,1,2023-01-25 07:23:00.0000000
489,,Broca metal 8,"7,51 precio unidad",,2,1,,15.020000457763672,,1,1,1,1,1,2023-01-25 07:23:00.0000000
490,,"Broca metal 7,5","7,51 precio unidad",,2,1,,15.020000457763672,,1,1,1,1,1,2023-01-25 07:23:00.0000000
491,,Broca metal 7,"7,51 precio unidad",,2,1,,15.020000457763672,,1,1,1,1,1,2023-01-25 07:23:00.0000000
492,,"Broca metal 6,5","7,51 precio unidad",,2,1,,15.020000457763672,,1,1,1,1,1,2023-01-25 07:23:00.0000000
493,,Broca metal 6,"7,51 precio unidad",,2,1,,15.020000457763672,,1,1,1,1,1,2023-01-25 07:23:00.0000000
494,,"Broca metal 5,5","7,51 precio unidad",,2,1,,15.020000457763672,,1,1,1,1,1,2023-01-25 07:23:00.0000000
495,,Broca metal 5,"7,51 precio unidad",,2,1,,15.020000457763672,,1,1,1,1,1,2023-01-25 07:23:00.0000000
496,,"Broca metal 4,5","7,51 precio unidad",,2,1,,15.020000457763672,,1,1,1,1,1,2023-01-25 07:23:00.0000000
497,,Broca metal 4,"7,51 precio unidad",,2,1,,15.020000457763672,,1,1,1,1,1,2023-01-25 07:23:00.0000000
498,,"Broca metal 3,5","7,51 precio unidad",,2,1,,15.020000457763672,,1,1,1,1,1,2023-01-25 07:23:00.0000000
499,,Broca metal 3,"7,51 precio unidad",,2,1,,15.020000457763672,,1,1,1,1,1,2023-01-25 07:23:00.0000000
500,,"Broca metal 2,5","7,51 precio unidad",,2,1,,15.020000457763672,,1,1,1,1,1,2023-01-25 07:23:00.0000000
501,,Broca metal 2,"7,51 precio unidad",,2,1,,15.020000457763672,,1,1,1,1,1,2023-01-25 07:23:00.0000000
502,,"Broca metal 1,5","7,51 precio unidad",,2,1,,15.020000457763672,,1,1,1,1,1,2023-01-25 07:23:00.0000000
503,,Broca metal 1,"7,51 precio unidad",,2,1,,15.020000457763672,,1,1,1,1,1,2023-01-25 07:23:00.0000000
504,,"Tornillo tirafondo M6 (4,9x40)",,,50,100,,312,,1,1,1,1,1,2023-01-25 07:23:00.0000000
505,,Tapones silicona,,,1,,,,,1,1,1,1,1,2023-01-25 07:23:00.0000000
506,,"Tornillo pladur 3,5x35",,,1000,200,,,,1,1,1,1,1,2023-01-25 07:23:00.0000000
507,,Taco lija fino,,,1,,,,,1,1,1,1,1,2023-01-25 07:23:00.0000000
508,,Taco lija largo,,,1,1,,,,1,1,1,1,1,2023-01-25 07:23:00.0000000
509,,Taco lija 60,,,3,1,,,,1,1,1,1,1,2023-01-25 07:23:00.0000000
510,,Esponja,,,3,1,,231,,1,1,1,1,1,2023-01-25 07:23:00.0000000
511,,Taco lija 100,,,5,1,,,,1,1,1,1,1,2023-01-25 07:23:00.0000000
512,,Papel para rodapiés,Rollo,,8,1,,358,,1,1,1,1,1,2023-01-25 07:23:00.0000000
513,,Cinta carrocero 24x45,,,12,2,,,,1,1,1,1,1,2023-01-25 07:23:00.0000000
514,,Varilla soldadura 30% plata,,,10,2,,,,1,1,1,1,1,2023-01-25 07:23:00.0000000
515,,Varilla soldadura 5% plata,,,10,2,,,,1,1,1,1,1,2023-01-25 07:23:00.0000000
516,,Guantes trabajo talla 7,"Caja de 12 pares 1,91precio unidad",,8,12,0.22599999606609344,15.279999732971191,,1,1,1,1,1,2023-01-25 07:23:00.0000000
517,,Malla electrosoldada 1x5m,,,5,,,1757,,1,1,1,1,1,2023-01-25 07:23:00.0000000
518,,Mortero seco 25kg,,,3,,,197,,1,1,1,1,1,2023-01-25 07:23:00.0000000
519,,Kit adhesivo,Bote de endurecedor,,1,,,14641,,1,1,1,1,1,2023-01-25 07:23:00.0000000
520,,Calzos para cristal 24x10mm,Cubo de 300 unidades,,300,300,,,,1,1,1,1,1,2023-01-25 07:23:00.0000000
521,,Limpiador PVC,Lata 500ml,,3,,,,,1,1,1,1,1,2023-01-25 07:23:00.0000000
522,,Spray blanco RAL 9010,,,1,,,,,1,1,1,1,1,2023-01-25 07:23:00.0000000
523,,Cartucho de gas,,,4,,,,,1,1,1,1,1,2023-01-25 07:23:00.0000000
524,,Cinta embalar marrón,,,4,2,,,,1,1,1,1,1,2023-01-25 07:23:00.0000000
525,,Bridas extra largas,Paquetes,,2,,,,,1,1,1,1,1,2023-01-25 07:23:00.0000000
526,,"Bridas blancas 7,6x540",Paquete,,1,,,,,1,1,1,1,1,2023-01-25 07:23:00.0000000
527,,"Bridas 7,5x370mm",Paquetes,,3,,,,,1,1,1,1,1,2023-01-25 07:23:00.0000000
528,,Guantes nitrilo y algodón,,,8,,,,,1,1,1,1,1,2023-01-25 07:23:00.0000000
529,,Cinta clima neto,,,1,,,,,1,1,1,1,1,2023-01-25 07:23:00.0000000
530,,"Tornillo placa-placa 4,8x35",,,1700,100,,485,,1,1,1,1,1,2023-01-25 07:23:00.0000000
531,,"Cable gris 1,5mm",Rollo,,1,,,1982,,1,1,1,1,1,2023-01-25 07:23:00.0000000
532,,Cable flexible gris 6mm,,,1,,,8400,,1,1,1,1,1,2023-01-25 07:23:00.0000000
533,,Cable flexible tierra 6mm,,,1,,,8400,,1,1,1,1,1,2023-01-25 07:23:00.0000000
534,,Imprimación,,,1,,,4261,,1,1,1,1,1,2023-01-25 07:23:00.0000000
535,,Precerco,,,2,,,1450,,1,1,1,1,1,2023-01-25 07:23:00.0000000
536,,Cubrezapatos impermeable,,,100,20,,,,1,1,1,1,1,2023-01-25 07:23:00.0000000
537,,"Tornillos pladur 3,5x25",1 caja de 1000 y otra de 25,,1025,25,,,,1,1,1,1,1,2023-01-25 07:23:00.0000000
538,,"Tornillos pladur 3,5x35",1 caja de 1000,,1000,25,,,,1,1,1,1,1,2023-01-25 07:23:00.0000000
539,,"Tornillos pladur 3,5x45",1 caja de 500,,500,25,,,,1,1,1,1,1,2023-01-25 07:23:00.0000000
540,,"Roscachapa 3,5x35",Caja de 1000,,250,25,,,,1,1,1,1,1,2023-01-25 07:23:00.0000000
541,,"Placa-placa 4,8x35",2 Caja de 1000,,1700,100,,,,1,1,1,1,1,2023-01-25 07:23:00.0000000
542,,Roscachapa 5.5x63 (con arandela),,,40,15,,,,1,1,1,1,1,2023-01-25 07:23:00.0000000
543,,Roscachapa 4.8x38 (con arandela),,,48,15,,,,1,1,1,1,1,2023-01-25 07:23:00.0000000
544,,Roscachapa 5.5x32,Caja de 50,,50,15,,,,1,1,1,1,1,2023-01-25 07:23:00.0000000
545,,Roscachapa 4.8x25,Caja de 80 unidades. Con arandela estampada vulcanizada de acero-EPDM,,80,15,,,,1,1,1,1,1,2023-01-25 07:23:00.0000000
546,,Silicona de poliuretano,Color Blanco,,6,,,,,1,1,1,1,1,2023-01-25 07:23:00.0000000
547,,Pintura spray naranja fluorescente,"PINTURA. spray, 500ml, T143, naranja fluorescente",,0,2,,851,,1,1,1,1,1,2023-01-25 07:23:00.0000000
548,,Pintura spray naranja fluorescente,"PINTURA. spray, 500ml, T143, naranja fluorescente",,0,2,,851,,1,1,1,1,1,2023-01-25 07:23:00.0000000
549,,Pintura spray roja fluorescente,,,2,,,478,,1,1,1,1,1,2023-01-25 07:23:00.0000000
550,,Disco lijadora P240,Paquete x15,,1,,,1156,,1,1,1,1,1,2023-01-25 07:23:00.0000000
551,,Disco lijadora P180,Paquete x15,,1,,,1156,,1,1,1,1,1,2023-01-25 07:23:00.0000000
552,,Grasa Hilti,,,2,,,,,1,1,1,1,1,2023-01-25 07:23:00.0000000
553,,Broca cerámica 6mm,,,1,,,451,,1,1,1,1,1,2023-01-25 07:23:00.0000000
554,,Broca cerámica 5mm,,,1,,,451,,1,1,1,1,1,2023-01-25 07:23:00.0000000
555,,Broca porcelánico 6mm,,,1,,,2064,,1,1,1,1,1,2023-01-25 07:23:00.0000000
556,,Broca porcelánico 5mm,,,1,,,1840,,1,1,1,1,1,2023-01-25 07:23:00.0000000
557,,Consumibles varios,3 cajas de moqueta,,37,,,,,1,1,1,1,1,2023-01-25 07:23:00.0000000
558,,Materiales varios salón Getafe,1 fichero,,100,,,,,1,1,1,1,1,2023-01-25 07:23:00.0000000
559,,Consumibles varios Hilario Sangrador,2 cajas de perfiles,,4,,,,,1,1,1,1,1,2023-01-25 07:23:00.0000000
560,,Tapajuntas ventana Medina de Pomar,1 caja de tapajuntas ventanas,,1,,,,,1,1,1,1,1,2023-01-25 07:23:00.0000000
561,,Cable gris 2.5mm,,,1,,,,,1,1,1,1,1,2023-01-25 07:23:00.0000000
562,,Lechada gris,Sacos 5kg,,6,,,,,1,1,1,1,1,2023-01-25 07:23:00.0000000
563,,Lechada blanca,Sacos 5kg,,10,,,,,1,1,1,1,1,2023-01-25 07:23:00.0000000
564,,Mascarilla FFP3 con válvula,Cajas de 5 unidades,,6,1,,,,1,1,1,1,1,2023-01-25 07:23:00.0000000
565,,Cable de datos Televés,,,1,,,,,1,1,1,1,1,2023-01-25 07:23:00.0000000
566,,Alambre,Rollo,,1,,,,,1,1,1,1,1,2023-01-25 07:23:00.0000000
567,,Cinta antideslizante,,,1,,,,,1,1,1,1,1,2023-01-25 07:23:00.0000000
568,,Cinta armada,,,1,,,,,1,1,1,1,1,2023-01-25 07:23:00.0000000
569,,Masilla especial Promade,,,2,,,,,1,1,1,1,1,2023-01-25 07:23:00.0000000
570,,Esmalte acrílico,,,1,,,,,1,1,1,1,1,2023-01-25 07:23:00.0000000
571,,Pintura RAL 9016 12L,Lata de 12 litros,,1,,,,,1,1,1,1,1,2023-01-25 07:23:00.0000000
572,,Anclaje químico,,,2,,,,,1,1,1,1,1,2023-01-25 07:23:00.0000000
573,,Silicona multiusos Patex,,,6,,,,,1,1,1,1,1,2023-01-25 07:23:00.0000000
574,,Silicona 7070 Denbrouen,,,3,,,,,1,1,1,1,1,2023-01-25 07:23:00.0000000
575,,Silicona paredes y grietas,Patex,,15,,,,,1,1,1,1,1,2023-01-25 07:23:00.0000000
576,,Sellador adhesivo poliuretano,Bostik,,5,,,,,1,1,1,1,1,2023-01-25 07:23:00.0000000
577,,Montakit Ceys,,,12,,,,,1,1,1,1,1,2023-01-25 07:23:00.0000000
578,,Sellador madera,,,3,,,,,1,1,1,1,1,2023-01-25 07:23:00.0000000
579,,Silicona madera y parquet,,,1,,,,,1,1,1,1,1,2023-01-25 07:23:00.0000000
580,,Cola para pavimentos vinílicos,,,2,,,,,1,1,1,1,1,2023-01-25 07:23:00.0000000
581,,Pintura de tejas,,,1,,,,,1,1,1,1,1,2023-01-25 07:23:00.0000000
582,,Rollo junta de cepillo autoadhesiva,10 metros,,1,,,,,1,1,1,1,1,2023-01-25 07:23:00.0000000
583,,Tacos pistola de tiros,,,186,,,,,1,1,1,1,1,2023-01-25 07:23:00.0000000
584,,"Roscachapa 4,8x63",Caja a la mitad,,1,,,,,1,1,1,1,1,2023-01-25 07:23:00.0000000
585,,"Tornillo autotaladrante 3,5x35",Caja naranja a la mitad,,500,100,,,,1,1,1,1,1,2023-01-25 07:23:00.0000000
586,,Anclaje hormigón HUS 3-H6,Hilti,,81,,,,,1,1,1,1,1,2023-01-25 07:23:00.0000000
587,,Anclaje hormigón HUS3-I6,Caja con más de la mitad,,1,,,,,1,1,1,1,1,2023-01-25 07:23:00.0000000
588,,Tornillo bicromatado 60x100,2 cajas,,100,40,,,,1,1,1,1,1,2023-01-25 07:23:00.0000000
589,,Anclaje hormigón HUS-6,Caja con más de la mitad,,1,,,,,1,1,1,1,1,2023-01-25 07:23:00.0000000
590,,Pintura RAL 9016 4L,Lata de 4L,,5,,,,,1,1,1,1,1,2023-01-25 07:23:00.0000000
591,,Pintura antihumedad,Bote a la mitad,,1,,,,,1,1,1,1,1,2023-01-25 07:23:00.0000000
592,,Preparación fijación base agua 15L,Lata 15L,,2,,,,,1,1,1,1,1,2023-01-25 07:23:00.0000000
593,,Imprimación acrílica,Lata 15L,,1,,,,,1,1,1,1,1,2023-01-25 07:23:00.0000000
594,,Revestimiento,Lata 15L,,1,,,,,1,1,1,1,1,2023-01-25 07:23:00.0000000
595,,Aceite de desencofrado,Lata 25L,,1,,,,,1,1,1,1,1,2023-01-25 07:23:00.0000000
596,,Rollo micro,,,1,,,,,1,1,1,1,1,2023-01-25 07:23:00.0000000
597,,Luces emergencia,,,6,,,,,1,1,1,1,1,2023-01-25 07:23:00.0000000
598,,Contador,,,1,,,,,1,1,1,1,1,2023-01-25 07:23:00.0000000
599,,Caja de clima,Contiene productos varios,,1,,,,,1,1,1,1,1,2023-01-25 07:23:00.0000000
600,,Caja fontanería,Contiene varias cosas aparentemente usadas de fontanería,,1,,,,,1,1,1,1,1,2023-01-25 07:23:00.0000000
601,,Caja material eléctrico (cuadro eléctrico),,,1,,,,,1,1,1,1,1,2023-01-25 07:23:00.0000000
602,,Caja perfilería,,,1,,,,,1,1,1,1,1,2023-01-25 07:23:00.0000000
603,,Vinagre de limpieza,,,10,,,,,1,1,1,1,1,2023-01-25 07:23:00.0000000
604,,Rejilla ventilación Hilario Sangrador,,,1,,,,,1,1,1,1,1,2023-01-25 07:23:00.0000000
605,,Caja amarilla con piezas de fontanería,,,1,,,,,1,1,1,1,1,2023-01-25 07:23:00.0000000
606,,Pulsador automático persiana Medina de Pomar,,,1,,,,,1,1,1,1,1,2023-01-25 07:23:00.0000000
607,,Caja rosa con piezas varias,,,1,,,,,1,1,1,1,1,2023-01-25 07:23:00.0000000
608,,Caja cosas varias Salón del Reino Getafe,Mando monitor,,1,,,,,1,1,1,1,1,2023-01-25 07:23:00.0000000
609,,Monitor,,,1,,,,,1,1,1,1,1,2023-01-25 07:23:00.0000000
610,,Bombillas,,,2,,,,,1,1,1,1,1,2023-01-25 07:23:00.0000000
611,,Sensores movimiento,,,8,,,,,1,1,1,1,1,2023-01-25 07:23:00.0000000
612,,Fibra polipropileno,,,3,,,,,1,1,1,1,1,2023-01-25 07:23:00.0000000
613,,Caja tubos PVC,Recortes varios tubos PVC,,1,,,,,1,1,1,1,1,2023-01-25 07:23:00.0000000
614,,TE 20-16-16,,,4,,,,,1,1,1,1,1,2023-01-25 07:23:00.0000000
615,,TE 20-20-16,,,6,,,,,1,1,1,1,1,2023-01-25 07:23:00.0000000
616,,TE Uponor 20,,,13,,,,,1,1,1,1,1,2023-01-25 07:23:00.0000000
617,,TE llave 25-25-25,,,3,1,,,,1,1,1,1,1,2023-01-25 07:23:00.0000000
618,,Reducción 3/4 x 1/2,,,7,,,,,1,1,1,1,1,2023-01-25 07:23:00.0000000
619,,Manguito latón 3/4,,,6,,,,,1,1,1,1,1,2023-01-25 07:23:00.0000000
620,,Escobas,,,6,,,,,1,1,1,1,1,2023-01-25 07:23:00.0000000
621,,Recogedor,,,1,,,,,1,1,1,1,1,2023-01-25 07:23:00.0000000
622,,Cubo fregona,,,1,,,,,1,1,1,1,1,2023-01-25 07:23:00.0000000
623,,Fregona,,,2,,,,,1,1,1,1,1,2023-01-25 07:23:00.0000000
624,,Pin clavadora (peq),"0,6 x 30",,18000,20000,,,,1,1,1,1,1,2023-01-25 07:23:00.0000000
625,,Pin clavadora (gran.),Cabeza 2 mm x 40,,0,20000,,,,1,1,1,1,1,2023-01-25 07:23:00.0000000
626,,Disco milhojas 60,,,4,1,,,,1,1,1,1,1,2023-01-25 07:23:00.0000000
627,,Limpiador componentes eléctricos,,,1,,,,,1,1,1,1,1,2023-01-25 07:23:00.0000000
628,,Guantes riesgo químico M,,,1,,,,,1,1,1,1,1,2023-01-25 07:23:00.0000000
629,,Guantes riesgo químico 9/L,,,1,,,,,1,1,1,1,1,2023-01-25 07:23:00.0000000
630,,Disco porcelánico 125mm,,,1,,,,,1,1,1,1,1,2023-01-25 07:23:00.0000000
631,,Llaves fontanería,,,5,,,,,1,1,1,1,1,2023-01-25 07:23:00.0000000
632,,Bolsa piezas fontanería,"Bolsa con piezas varias de fontanería como racores, machones, etc.",,1,,,,,1,1,1,1,1,2023-01-25 07:23:00.0000000
633,,Manguito 25,,,15,5,,,,1,1,1,1,1,2023-01-25 07:23:00.0000000
634,,TE 25,,,15,5,,,,1,1,1,1,1,2023-01-25 07:23:00.0000000
635,,Manguitos 25,,,15,5,,,,1,1,1,1,1,2023-01-25 07:23:00.0000000
636,,Manguitos 20-16,,,1,1,,,,1,1,1,1,1,2023-01-25 07:23:00.0000000
637,,Tapón 20 1/2,,,6,1,,,,1,1,1,1,1,2023-01-25 07:23:00.0000000
638,,Anillos azules 20,,,32,10,,,,1,1,1,1,1,2023-01-25 07:23:00.0000000
639,,Anillos azules 16,,,77,10,,,,1,1,1,1,1,2023-01-25 07:23:00.0000000
640,,Anillos azules 25,,,5,1,,,,1,1,1,1,1,2023-01-25 07:23:00.0000000
641,,Manguitos 20,,,19,5,,,,1,1,1,1,1,2023-01-25 07:23:00.0000000
642,,Codo 16,,,12,5,,,,1,1,1,1,1,2023-01-25 07:23:00.0000000
643,,Bolsa codos,Bolsa codos grises grandes de Carlos,,1,1,,,,1,1,1,1,1,2023-01-25 07:23:00.0000000
644,,Piezas sanitario,Piezas sueltas del sanitario del Salón de Getafe,,1,1,,,,1,1,1,1,1,2023-01-25 07:23:00.0000000
645,,"Señal ""no pisar""","SeÑal ""no pisar suelo mojado""",,1,1,,,,1,1,1,1,1,2023-01-25 07:23:00.0000000
646,,Tubos PVC,,,5,1,,,,1,1,1,1,1,2023-01-25 07:23:00.0000000
647,,Tablas de madera,,,5,1,,,,1,1,1,1,1,2023-01-25 07:23:00.0000000
648,,Canaletas,,,4,1,,,,1,1,1,1,1,2023-01-25 07:23:00.0000000
649,,Mina portamarcador Clima,,,10,3,,,,1,1,1,1,1,2023-01-25 07:23:00.0000000
650,,Varilla M6,Longitud 1 m,,0,10,,,,1,1,1,1,1,2023-01-25 07:23:00.0000000
651,,Rollo EPDM,,,2,,,,,1,1,1,1,1,2023-01-25 07:23:00.0000000
652,,Corrugado 40,3 rollos pequeños,,3,1,,,,1,1,1,1,1,2023-01-25 07:23:00.0000000
653,,Cable manguera verde 3x6,"17,94m",,1,,,,,1,1,1,1,1,2023-01-25 07:23:00.0000000
654,,Manguera marrón 1x6,,,1,,,,,1,1,1,1,1,2023-01-25 07:23:00.0000000
655,,Manguera gris 1x6,,,1,,,,,1,1,1,1,1,2023-01-25 07:23:00.0000000
656,,"Cable manguera 3x1,5","3,76 + 1,97 + 2,51 + 4,22 + 3,46 + 1,30 + 2,93",,4,,,,,1,1,1,1,1,2023-01-25 07:23:00.0000000
657,,"Cable 1x1,6","3,09 + 1,28 + 3,32 + 3,52",,4,,,,,1,1,1,1,1,2023-01-25 07:23:00.0000000
658,,Rollo cable altavoces,,,1,,,,,1,1,1,1,1,2023-01-25 07:23:00.0000000
659,,Tubería plástica Pex,,,4,,,,,1,1,1,1,1,2023-01-25 07:23:00.0000000
660,,Canaletas blancas,,,2,,,,,1,1,1,1,1,2023-01-25 07:23:00.0000000
661,,Hoja sierra sable metal,"9"" 14TPI",MB 23 14,5,2,,,,1,1,1,1,1,2023-01-25 07:23:00.0000000
662,,Hoja sierra sable universal,"23 - 9""",10-14 TPI,5,2,,,,1,1,1,1,1,2023-01-25 07:23:00.0000000
663,,Hoja sierra de cinta,Ref. 2270471,SP 28 14/18,3,1,,,,1,1,1,1,1,2023-01-25 07:23:00.0000000
664,,Suelo,Cajas de suelo,,52,,,,,1,1,1,1,1,2023-01-25 07:23:00.0000000
665,,Falso techo,Cajas,,7,,,,,1,1,1,1,1,2023-01-25 07:23:00.0000000
666,,Tablón de anuncios,,,2,,,,,1,1,1,1,1,2023-01-25 07:23:00.0000000
667,,Mueble publicaciones,,,2,,,,,1,1,1,1,1,2023-01-25 07:23:00.0000000
668,,Estantería grande,,,3,,,,,1,1,1,1,1,2023-01-25 07:23:00.0000000
669,,Fregadero,,,1,,,,,1,1,1,1,1,2023-01-25 07:23:00.0000000
670,,Estantería pequeña,,,1,,,,,1,1,1,1,1,2023-01-25 07:23:00.0000000
671,,Mueble pequeño,,,3,,,,,1,1,1,1,1,2023-01-25 07:23:00.0000000
672,,Fichero,Pertenece a la congregación de Getafe,,1,,,,,1,1,1,1,1,2023-01-25 07:23:00.0000000
673,,Atril,,,3,,,,,1,1,1,1,1,2023-01-25 07:23:00.0000000
674,,Impresora,Pertenece al salón de Getafe,,1,,,,,1,1,1,1,1,2023-01-25 07:23:00.0000000
675,,Caja schneider electric,,,1,,,,,1,1,1,1,1,2023-01-25 07:23:00.0000000
676,,Palet con productos de limpieza,Pertenece al salón de Getafe,,1,,,,,1,1,1,1,1,2023-01-25 07:23:00.0000000
677,,Cajas con materiales diversos de electricidad,Pertenece al salón de Getafe,,8,,,,,1,1,1,1,1,2023-01-25 07:23:00.0000000
678,,Pantalla enrollable,,,1,,,,,1,1,1,1,1,2023-01-25 07:23:00.0000000
679,,Mesa redonda,,,1,,,,,1,1,1,1,1,2023-01-25 07:23:00.0000000
680,,Barandilla baño,,,2,,,,,1,1,1,1,1,2023-01-25 07:23:00.0000000
681,,Puertas madera,,,3,,,,,1,1,1,1,1,2023-01-25 07:23:00.0000000
682,,Monitor pequeño,,,2,,,,,1,1,1,1,1,2023-01-25 07:23:00.0000000
683,,Soporte monitor grande,,,2,,,,,1,1,1,1,1,2023-01-25 07:23:00.0000000
684,,Ventana con cristal,,,4,,,,,1,1,1,1,1,2023-01-25 07:23:00.0000000
685,,Lavabo doble,,,1,,,,,1,1,1,1,1,2023-01-25 07:23:00.0000000
686,,Inodoro,,,2,,,,,1,1,1,1,1,2023-01-25 07:23:00.0000000
687,,Aspiradora,Pertenece a la congregación de Getafe,,3,,,,,1,1,1,1,1,2023-01-25 07:23:00.0000000
688,,Monitor,,,1,,,,,1,1,1,1,1,2023-01-25 07:23:00.0000000
689,,Caja herramienta,,,1,,,,,1,1,1,1,1,2023-01-25 07:23:00.0000000
690,,Mueble madera,,,6,,,,,1,1,1,1,1,2023-01-25 07:23:00.0000000
691,,Caja con artículos de limpieza,,,1,,,,,1,1,1,1,1,2023-01-25 07:23:00.0000000
692,,Caja con utensilios de cocina,,,1,,,,,1,1,1,1,1,2023-01-25 07:23:00.0000000
693,,Rodapié,,,9,,,,,1,1,1,1,1,2023-01-25 07:23:00.0000000
694,,Kit puerta corredera,,,1,,,,,1,1,1,1,1,2023-01-25 07:23:00.0000000
695,,Espejo abatible,,,1,,,,,1,1,1,1,1,2023-01-25 07:23:00.0000000
696,,Cajas clima,,,13,,,,,1,1,1,1,1,2023-01-25 07:23:00.0000000
697,,Rejilla larga,,,4,,,,,1,1,1,1,1,2023-01-25 07:23:00.0000000
698,,Soportes monitores pequeños,,,2,,,,,1,1,1,1,1,2023-01-25 07:23:00.0000000
699,,Lavabo,,,1,,,,,1,1,1,1,1,2023-01-25 07:23:00.0000000
700,,Tubo flexible 315,,,1,,,,,1,1,1,1,1,2023-01-25 07:23:00.0000000
701,,Tubo flexible 203,,,1,,,,,1,1,1,1,1,2023-01-25 07:23:00.0000000
702,,Caja con manguitos y soportes,,,1,,,,,1,1,1,1,1,2023-01-25 07:23:00.0000000
703,,Rejilla ventilación cuadrada,,,4,,,,,1,1,1,1,1,2023-01-25 07:23:00.0000000
704,,Rejilla ventilación rectangular,,,4,,,,,1,1,1,1,1,2023-01-25 07:23:00.0000000
705,,Tubo flexible 165,,,1,,,,,1,1,1,1,1,2023-01-25 07:23:00.0000000
706,,Reducción 400-200,,,1,,,,,1,1,1,1,1,2023-01-25 07:23:00.0000000
707,,Rejilla retorno cuadrada,,,1,,,,,1,1,1,1,1,2023-01-25 07:23:00.0000000
708,,Azulejo,Cajas,,27,,,,,1,1,1,1,1,2023-01-25 07:23:00.0000000
709,,Valla,,,5,,,,,1,1,1,1,1,2023-01-25 07:23:00.0000000
710,,Pie de valla,,,5,,,,,1,1,1,1,1,2023-01-25 07:23:00.0000000
711,,Tubo fontanería blanco,,,3,,,,,1,1,1,1,1,2023-01-25 07:23:00.0000000
712,,Tubo PVC,Medidas varias,,10,,,,,1,1,1,1,1,2023-01-25 07:23:00.0000000
713,,Tubo soldar,,,4,,,,,1,1,1,1,1,2023-01-25 07:23:00.0000000
714,,Omega,,,1,,,,,1,1,1,1,1,2023-01-25 07:23:00.0000000
715,,Esquinero,,,6,,,,,1,1,1,1,1,2023-01-25 07:23:00.0000000
716,,Canaleta blanca,4 anchas y 2 estrechas,,6,,,,,1,1,1,1,1,2023-01-25 07:23:00.0000000
717,,Losas,Losas sueltas usadas,,2,,,,,1,1,1,1,1,2023-01-25 07:23:00.0000000
718,,Huevera,Rollos,,3,,,,,1,1,1,1,1,2023-01-25 07:23:00.0000000
719,,Rodapié,Cajas y algunas piezas sueltas,,28,,,,,1,1,1,1,1,2023-01-25 07:23:00.0000000
720,,Perfiles de 60,,,1,,,,,1,1,1,1,1,2023-01-25 07:23:00.0000000
721,,Perfiles secundarios,,,1,,,,,1,1,1,1,1,2023-01-25 07:23:00.0000000
722,,Reducción,,,1,,,,,1,1,1,1,1,2023-01-25 07:23:00.0000000
723,,Caja pequeña,,,1,,,,,1,1,1,1,1,2023-01-25 07:23:00.0000000
724,,Inodoro,,,6,,,,,1,1,1,1,1,2023-01-25 07:23:00.0000000
725,,Tapa de cisterna,,,4,,,,,1,1,1,1,1,2023-01-25 07:23:00.0000000
726,,Papelera grande,,,1,,,,,1,1,1,1,1,2023-01-25 07:23:00.0000000
727,,Papelera pequeña,,,1,,,,,1,1,1,1,1,2023-01-25 07:23:00.0000000
728,,Porta papel higiénico,,,3,,,,,1,1,1,1,1,2023-01-25 07:23:00.0000000
729,,Jabonera,,,2,,,,,1,1,1,1,1,2023-01-25 07:23:00.0000000
730,,Grifo,,,3,,,,,1,1,1,1,1,2023-01-25 07:23:00.0000000
731,,Caja con accesorios de Hilario,Reloj,,1,,,,,1,1,1,1,1,2023-01-25 07:23:00.0000000
732,,Encimera lavabo,,,2,,,,,1,1,1,1,1,2023-01-25 07:23:00.0000000
733,,Cambiador de bebés,,,1,,,,,1,1,1,1,1,2023-01-25 07:23:00.0000000
734,,Lavabo,,,3,,,,,1,1,1,1,1,2023-01-25 07:23:00.0000000
735,,Extintor,,,0,,,,,1,1,1,1,1,2023-01-25 07:23:00.0000000
736,,Chova,2 paquetes completos y algunas piezas sueltas,,2,,,,,1,1,1,1,1,2023-01-25 07:23:00.0000000
737,,Porta vasos,,,2,,,,,1,1,1,1,1,2023-01-25 07:23:00.0000000
738,,Porta papel de manos,,,2,,,,,1,1,1,1,1,2023-01-25 07:23:00.0000000
739,,Caja con útiles de cocina,2 termos,,1,,,,,1,1,1,1,1,2023-01-25 07:23:00.0000000
740,,Barril azul,,,2,,,,,1,1,1,1,1,2023-01-25 07:23:00.0000000
741,,Fibra de polipropileno,1 bolsa entera y 1 empezada,,1,,,,,1,1,1,1,1,2023-01-25 07:23:00.0000000
742,,Esparto,En rollos,,3,,,,,1,1,1,1,1,2023-01-25 07:23:00.0000000
743,,Caja con baldas estantería blanca (Getafe),,,2,,,,,1,1,1,1,1,2023-01-25 07:23:00.0000000
744,,Moqueta,Arenas de San Pedro,,12,,,,,1,1,1,1,1,2023-01-25 07:23:00.0000000
745,,Moqueta,Sobrante de Getafe,,9,,,,,1,1,1,1,1,2023-01-25 07:23:00.0000000
746,,Suelo,Arenas de San Pedro,,32,,,,,1,1,1,1,1,2023-01-25 07:23:00.0000000
747,,Caja con cableado electricidad (Ferretería),"Cable 2,5mm negro",,1,,,,,1,1,1,1,1,2023-01-25 07:23:00.0000000
748,,Caja negra con cableado,Cable negro 1x10mm 11m (4),,1,,,,,1,1,1,1,1,2023-01-25 07:23:00.0000000
749,,Caja con cableado electricidad (Ferretería),Bote gel pasacables,,1,,,,,1,1,1,1,1,2023-01-25 07:23:00.0000000
750,,Caja con tejas para devolver,,,1,,,,,1,1,1,1,1,2023-01-25 07:23:00.0000000
751,,Huevera,1 rollo largo,,1,,,,,1,1,1,1,1,2023-01-25 07:23:00.0000000
752,,Malla de fibra de vidrio pintura,Rollo,,2,,,,,1,1,1,1,1,2023-01-25 07:23:00.0000000
753,,Carretilla,,,1,,,,,1,1,1,1,1,2023-01-25 07:23:00.0000000
754,,Cemento gris,Sacos,,3,,,,,1,1,1,1,1,2023-01-25 07:23:00.0000000
755,,Saco azul de arena,,,1,,,,,1,1,1,1,1,2023-01-25 07:23:00.0000000
756,,Caja de cableado variado,,,1,,,,,1,1,1,1,1,2023-01-25 07:23:00.0000000
757,,Carpa,Patas de la carpa en la bolsa de rayas,,1,,,,,1,1,1,1,1,2023-01-25 07:23:00.0000000
758,,Rodapié melamina negro,Piezas anchas,,2,,,,,1,1,1,1,1,2023-01-25 07:23:00.0000000
759,,Barandilla,,,1,,,,,1,1,1,1,1,2023-01-25 07:23:00.0000000
760,,Premarco,Paquetes con varias piezas de 90x35,,2,,,,,1,1,1,1,1,2023-01-25 07:23:00.0000000
761,,Canaleta blanca plástico,Piezas de diferentes tamaños,,9,,,,,1,1,1,1,1,2023-01-25 07:23:00.0000000
762,,Rodapié de madera/tapajuntas,,,12,,,,,1,1,1,1,1,2023-01-25 07:23:00.0000000
763,,Yeso,Saco,,1,,,,,1,1,1,1,1,2023-01-25 07:23:00.0000000
764,,Mortero de enfoscado hidrofugado,Sacos,,12,,,,,1,1,1,1,1,2023-01-25 07:23:00.0000000
765,,Sika MonoTop 4200 multi flow,Saco,,1,,,,,1,1,1,1,1,2023-01-25 07:23:00.0000000
766,,Baldosas suelo exterior,Tibet Beige,,7,,,,,1,1,1,1,1,2023-01-25 07:23:00.0000000
767,,Cajas con tela de rafia,,,4,,,,,1,1,1,1,1,2023-01-25 07:23:00.0000000
768,,Placas de techo,Paquetes,,2,,,,,1,1,1,1,1,2023-01-25 07:23:00.0000000
769,,Lechada Fugabella color 25,,,5,,,,,1,1,1,1,1,2023-01-25 07:23:00.0000000
770,,Cable coaxial blanco FC75,,,1,,,,,1,1,1,1,1,2023-01-25 07:23:00.0000000
771,,Lechada Fugabella eco porcelana 0-5,Están abiertos y empezados,,2,,,,,1,1,1,1,1,2023-01-25 07:23:00.0000000
772,,Mueble indefinido,Paquetes (4),,1,,,,,1,1,1,1,1,2023-01-25 07:23:00.0000000
773,,Ladrillos,,,41,,,,,1,1,1,1,1,2023-01-25 07:23:00.0000000
774,,Pie de valla,,,7,,,,,1,1,1,1,1,2023-01-25 07:23:00.0000000
775,,Fuente de agua,,,1,,,,,1,1,1,1,1,2023-01-25 07:23:00.0000000
776,,H40 GEL,,,150,,,,,1,1,1,1,1,2023-01-25 07:23:00.0000000
777,,CINTA verde-amarillo,"Cinta: aislante,electricidad 19mmx20m",,0,3,,,,1,1,1,1,1,2023-01-25 07:23:00.0000000
778,,DISCO: milhojas,"DISCO: milhojas, desbaste, 125",,0,,,,,1,1,1,1,1,2023-01-25 07:23:00.0000000
779,,PUNTA: ph1,ATORNILLADORA: PH1 atornilladora,,0,1,,,,1,1,1,1,1,2023-01-25 07:23:00.0000000
780,,PUNTA: PH2,PUNTA: PH2 atornilladora,,0,1,,,,1,1,1,1,1,2023-01-25 07:23:00.0000000
781,,PUNTA: PZ1,PUNTA: PZ1 atornilladora,,0,1,,,,1,1,1,1,1,2023-01-25 07:23:00.0000000
782,,PUNTA: PZ2,PUNTA: PZ2 atornilladora,,0,,,,,1,1,1,1,1,2023-01-25 07:23:00.0000000
783,,PUNTA: ALLEN HEX3,PUNTA: atornilladora allen HEX3,,0,1,,,,1,1,1,1,1,2023-01-25 07:23:00.0000000
784,,PUNTA: ALLEN HEX4,PUNTA: atornilladora Allen HEX4,,0,1,,,,1,1,1,1,1,2023-01-25 07:23:00.0000000
785,,PUNTA: ALLEN HEX5,PUNTA: atornilladora Allen HEX5,,0,1,,,,1,1,1,1,1,2023-01-25 07:23:00.0000000
786,,PUNTA:TORX TX10,PUNTA: atornilladora Torx TX10,,0,1,,,,1,1,1,1,1,2023-01-25 07:23:00.0000000
787,,"PUNTA: TORX, TX15","PUNTA: atornilladora Torx, TX15",,0,1,,,,1,1,1,1,1,2023-01-25 07:23:00.0000000
788,,"PUNTA: TORX, TX20","PUNTA: atornilladora Torx, TX20",,0,1,,,,1,1,1,1,1,2023-01-25 07:23:00.0000000
789,,"PUNTA: TORX, TX25","PUNTA: atornilladora Torx, TX25",,0,1,,,,1,1,1,1,1,2023-01-25 07:23:00.0000000
790,,"PUNTA: S-SY PH2, 116mm","PUNTA: destornilladora, pladur, S-SY. PH2, 1/2, 116mm",,0,1,,,,1,1,1,1,1,2023-01-25 07:23:00.0000000
791,,"PUNTA: SL-6, 5/16 30mm","PUNTA: destornilladora, plana SL-6 5/16, 30mm",,0,1,,,,1,1,1,1,1,2023-01-25 07:23:00.0000000
792,,"PUNTA: SL-8 , 5/16, 30mm","PUNTA: destornilladora, plana, SL-8, 5/16, 30mm",,0,1,,,,1,1,1,1,1,2023-01-25 07:23:00.0000000
793,,"PUNTA: SL-10, 5/16, 30mm","PUNTA: destornilladora, plana, SL-10, 5/16, 30mm",,0,1,,,,1,1,1,1,1,2023-01-25 07:23:00.0000000
794,,BROCA: taladro 6x120mm,"BROCA: taladro, percusión SDS Plus TE-CX 6x120mm",,0,1,,,,1,1,1,1,1,2023-01-25 07:23:00.0000000
795,,BROCA: taladro 8x120mm,"BROCA: taladro , percusión SDS Plus, TE-CX 8x120mm",,0,1,,,,1,1,1,1,1,2023-01-25 07:23:00.0000000
796,,Guantes talla 9,"caja de 12 pares 1,91 precio unidad",,25,12,0.22599999606609344,47.75,,1,1,1,1,1,2023-01-25 07:23:00.0000000
797,,Gafas hermeticas,"Gafas de buceo 22,23 precio unidad",Hermeticas,2,2,0.10000000149011612,44.459999084472656,,1,1,1,1,1,2023-01-25 07:23:00.0000000
798,,Cubregafas seguridad usadas.,"transparente, 5,99 precio unidad",,2,1,0.03999999910593033,11.979999542236328,,1,1,1,1,1,2023-01-25 07:23:00.0000000
799,,Kit broca metal 1-13,,,2,1,,,,1,1,1,1,1,2023-01-25 07:23:00.0000000
800,,Broca de madera 4,"6,37 precio unidad",,2,1,,12.739999771118164,,1,1,1,1,1,2023-01-25 07:23:00.0000000
801,,Broca de madera 5,"6,37 precio unidad",,2,,,12.739999771118164,20230623153118401_sara9.jpg#,1,1,1,1,1,2023-01-25 07:23:00.0000000
802,,Broca de madera 6,"6,37 precio unidad",,2,1,,12.739999771118164,,1,1,1,1,1,2023-01-25 07:23:00.0000000
803,,Broca de madera 8,"6,37 precio unidad",,2,1,,12.739999771118164,,1,1,1,1,1,2023-01-25 07:23:00.0000000
804,,Broca de madera 10,"6,37 precio unidad",,2,1,,12.739999771118164,,1,1,1,1,1,2023-01-25 07:23:00.0000000
805,,"Kit Broca de madera 4,5,6,8,10","precio Kit entero 31,85",,2,,,,,1,1,1,1,1,2023-01-25 07:23:00.0000000
806,,Broca para taladro TE-C 8/16 MP8,"brocas para hormigón. 5,02 precio unidad",,7,5,,35.13999938964844,,1,1,1,1,1,2023-01-25 07:23:00.0000000
807,,Broca para taladro TE-C 6/16 MP8,"brocas para hormigón. 5,02 precio unidad",,5,5,,25.100000381469727,,1,1,1,1,1,2023-01-25 07:23:00.0000000
808,,Broca para taladro 5/16 MP8,"brocas para hormigón. 5,83 precio unidad",,7,5,,40.810001373291016,,1,1,1,1,1,2023-01-25 07:23:00.0000000
809,,Broca para metal 5mm,"2,44 precio unidad",,1,,,2.440000057220459,,1,1,1,1,1,2023-01-25 07:23:00.0000000
810,,"Broca para metal 6,5mm","3,74 precio unidad",,1,,,3.740000009536743,,1,1,1,1,1,2023-01-25 07:23:00.0000000
811,,"Broca para metal 8,5mm","7,61 precio unidad",,2,,,15.220000267028809,,1,1,1,1,1,2023-01-25 07:23:00.0000000
812,,"Broca de metal 7,5mm","3,91 precio unidad",,1,,,3.9100000858306885,,1,1,1,1,1,2023-01-25 07:23:00.0000000
813,,Broca para taladro 14mm,"broca para hormigon 250x300mm 7,50 precio unidad",SDS-PLUS,1,1,,7.5,,1,1,1,1,1,2023-01-25 07:23:00.0000000
814,,Broca de taladro 16mm,"broca de hormigón 250x300mm 8,00 precio unidad",Extreme,1,1,,8,,1,1,1,1,1,2023-01-25 07:23:00.0000000
815,,Broca para taladro 12mm,"broca de hormigón  150x200 3,25 precio unidad",,1,1,,3.25,,1,1,1,1,1,2023-01-25 07:23:00.0000000
816,,Broca para taladro,"Broca de hormigón. 250x300mm 4,00 precio unidad",Extreme,1,1,,4,,1,1,1,1,1,2023-01-25 07:23:00.0000000
817,,Broca para taladro 10mm,"Broca de hormigón. 150x200.4,50 precio unidad",Extreme,2,1,,9,,1,1,1,1,1,2023-01-25 07:23:00.0000000
818,,Broca para taladro 10mm,"Broca de hormigón.200x260mm 4,00 precio unidad",Extreme,2,1,,8,,1,1,1,1,1,2023-01-25 07:23:00.0000000
819,,Broca para taladro TE-C 8/21 MP8 ,"Broca de hormigón 150mm. 7,15 precio unidad",Premium,6,1,,42.900001525878906,,1,1,1,1,1,2023-01-25 07:23:00.0000000
820,,Broca para taladrbTE-C 6/21 MP8,"Broca de hormigón 150mm. 6,81 precio unidad",Premium,4,1,,27.239999771118164,,1,1,1,1,1,2023-01-25 07:23:00.0000000
821,,Broca de metal 6mm,"2,36 precio unidad",,2,0,,4.71999979019165,,1,1,1,1,1,2023-01-25 07:23:00.0000000
