1694609524,<empty>,Esmalte al agua extra mate,Pintura interior e exterior RAL 9016,Proyecto Guadalajara,Maquinaria,,2023-01-25 07:23:00.0000000,5,
1691609795,Bahco,Siberia blanco mate,Azulejo porcelánico,"AZULEJO (141 m2). porcelánico sin rectificar, 30x60 1 pulgada, sibéria blanco mate {WALL TILE}",Maquinaria,,2023-01-25 07:23:00.0000000,322,
,<empty>,,Baldosa cerámica,SUELO (125 m2),Maquinaria,,2023-01-25 07:23:00.0000000,50,
1694035462,<empty>,Norwich gris canto romo,Rodapié,"RODAPIE. Norwich, 9x60, gris natural mate",Maquinaria,,2023-01-25 07:23:00.0000000,50,
,<empty>,,Plástico negro,Plástico negro 150 MIC 2X50m,Maquinaria,7526,2023-01-25 07:23:00.0000000,0,1
,<empty>,VC 5,Saco para polvo (Aspiradora portátil),"Bolsas de filtrado previo para aplicaciones en seco con una eficacia del 99,9 %.",Maquinaria,,2023-01-25 07:23:00.0000000,5,2
,<empty>,,Rollo cable galvanizado,Medidas: 6x7- 12mm,Maquinaria,,2023-01-25 07:23:00.0000000,1,
,<empty>,,Pasta decapante,Se encuentra dentro del baúl de Clima,Maquinaria,,2023-01-25 07:23:00.0000000,2,
,<empty>,,"Soldadura de plata 1,5","Soldadura de plata 1,5 500mm 200gr",Maquinaria,,2023-01-25 07:23:00.0000000,1,
,<empty>,,Soldadura autodecapante 2mm,Usan los deelectricidad y los de clima.,Maquinaria,,2023-01-25 07:23:00.0000000,1,
,<empty>,,"Rollo estaño plata, 3,5% 2mm",utilizan los de electricidad y de clima-,Maquinaria,,2023-01-25 07:23:00.0000000,1,
,<empty>,MM+MTR,Recambio 20 cuchillas,Baul Clima,Maquinaria,,2023-01-25 07:23:00.0000000,1,
,<empty>,RXZE2M114M,Base de relés,Características: 10A 250V 2.5kV,Maquinaria,,2023-01-25 07:23:00.0000000,6,2
,<empty>,"Electric, 4PDT","Relé sin enclavamiento Schneider , bobina 230V ac, Enchufable","Características: 4PDT, bobina 230V ac. Enchufable",Maquinaria,,2023-01-25 07:23:00.0000000,4,1
,<empty>,,Relé sin enclavamiento,"Bobina 250V ac, enchufable",Maquinaria,,2023-01-25 07:23:00.0000000,2,
,<empty>,,Codo 90º HH medida 32,En caja de Fontanería,Maquinaria,,2023-01-25 07:23:00.0000000,6,0
,<empty>,,Codo 90º HH medida 15,Arcón de Clima,Maquinaria,,2023-01-25 07:23:00.0000000,3,
,<empty>,,"Manguito unión HH medida 1""",Arcón de Clima,Maquinaria,,2023-01-25 07:23:00.0000000,2,
,<empty>,,Silentblock suelo juego 4 unidades,Arcón de Clima,Maquinaria,,2023-01-25 07:23:00.0000000,2,
,<empty>,,Tuercas doradas,Arcón Clima,Maquinaria,,2023-01-25 07:23:00.0000000,2,
,<empty>,,Número señalización 0,Arcón Electricidad/Fontanería,Maquinaria,,2023-01-25 07:23:00.0000000,74,10
,<empty>,,Número señalización 1,Arcón Electricidad/Fontanería,Maquinaria,,2023-01-25 07:23:00.0000000,96,10
,<empty>,,Número señalización 2,Arcón Electricidad/Fontanería,Maquinaria,,2023-01-25 07:23:00.0000000,28,10
,<empty>,,Número señalización 3,Arcón Electricidad/Fontanería,Maquinaria,,2023-01-25 07:23:00.0000000,79,
,<empty>,,Número señalización 4,Arcón Electricidad/Fontanería,Maquinaria,,2023-01-25 07:23:00.0000000,56,10
,<empty>,,Número señalización 5,Arcón Electricidad/Fontanería,Maquinaria,,2023-01-25 07:23:00.0000000,71,10
,<empty>,,Número señalización 6,Arcón Electricidad/Fontanería,Maquinaria,,2023-01-25 07:23:00.0000000,68,10
,<empty>,,Número señalización 7,Arcón Electricidad/Fontanería,Maquinaria,,2023-01-25 07:23:00.0000000,71,10
,<empty>,,Número señalización 8,,Maquinaria,,2023-01-25 07:23:00.0000000,70,10
,<empty>,,Número señalización 9,Arcón Electricidad/Fontanería,Maquinaria,,2023-01-25 07:23:00.0000000,52,10
,<empty>,BOLTBR-2,Termoretráctil,"TERMORRETRÁCTIL. tubo, 6 tamaños, 10cm largo, negro, 100uds/caja",Maquinaria,1715,2023-01-25 07:23:00.0000000,2,1
,<empty>,,"Punta hueca 1,5",,Maquinaria,,2023-01-25 07:23:00.0000000,74,10
,<empty>,,"Punta hueca doble 1,5",,Maquinaria,,2023-01-25 07:23:00.0000000,66,10
,<empty>,,"Punta hueca 2,5",Arcón Electricidad/Fontanería,Maquinaria,,2023-01-25 07:23:00.0000000,138,10
,<empty>,,"Punta hueca doble 2,5",Arcón Electricidad/Fontanería,Maquinaria,,2023-01-25 07:23:00.0000000,52,10
,<empty>,,Punta hueca 4,Arcón Electricidad/Fontanería,Maquinaria,,2023-01-25 07:23:00.0000000,54,10
,<empty>,,Punta hueca 6,Arcón Electricidad/Fontanería,Maquinaria,,2023-01-25 07:23:00.0000000,49,10
,<empty>,,Punta hueca 10,Arcón Electricidad/Fontanería,Maquinaria,,2023-01-25 07:23:00.0000000,148,10
,<empty>,,Punta hueca 16,Arcón Electricidad/Fontanería,Maquinaria,,2023-01-25 07:23:00.0000000,85,10
,<empty>,,Punta hueca roja para electroválvula,Arcón Electricidad/Fontanería,Maquinaria,,2023-01-25 07:23:00.0000000,92,10
,<empty>,,Listado de Rales,Arcón Acabados,Maquinaria,,2023-01-25 07:23:00.0000000,1,
,<empty>,,Placa de empuje puerta madera,Arcón Acabados,Maquinaria,,2023-01-25 07:23:00.0000000,1,
,<empty>,,Tirador acero puerta de madera,Arcón Acabados,Maquinaria,,2023-01-25 07:23:00.0000000,1,
,<empty>,,Ganchos para fenólico baños (4UD),Arcón Acabados,Maquinaria,,2023-01-25 07:23:00.0000000,1,
,<empty>,,Tope puerta blanco,Arcón Acabados,Maquinaria,,2023-01-25 07:23:00.0000000,10,2
,<empty>,,Tope puerta negro,Arcón Acabados,Maquinaria,,2023-01-25 07:23:00.0000000,12,2
,<empty>,,Tope puerta color oro (GETAFE),Arcón Acabados,Maquinaria,,2023-01-25 07:23:00.0000000,2,
,<empty>,ref. 7503,Bisagra latonada 50x40mm,Arcón Acabados,Maquinaria,,2023-01-25 07:23:00.0000000,2,
,<empty>,,Colgadores extintor (GETAFE),Arcón Acabados,Maquinaria,,2023-01-25 07:23:00.0000000,2,
,<empty>,,Tiza Blanca ACHA (12 ud),Arcón Acabados,Maquinaria,,2023-01-25 07:23:00.0000000,1,
,<empty>,,Pins para clavadora neumática,Arcón Acabados,Maquinaria,,2023-01-25 07:23:00.0000000,1,
,<empty>,,Pegatina redonda color crema,Arcón Acabados,Maquinaria,,2023-01-25 07:23:00.0000000,26,5
,<empty>,,Pegatina redonda silicona,Arcón Acabados,Maquinaria,,2023-01-25 07:23:00.0000000,2,
,<empty>,,Guantes Negros nitrilo T10 (x50 ud),Arcón Acabados,Maquinaria,,2023-01-25 07:23:00.0000000,1,
,<empty>,,Boquilla para silicona,Arcón Acabados,Maquinaria,,2023-01-25 07:23:00.0000000,8,2
,<empty>,,Boquilla para taco químico,Arcón Acabados,Maquinaria,,2023-01-25 07:23:00.0000000,15,3
,<empty>,,Borrador mágico,Arcón Acabados,Maquinaria,,2023-01-25 07:23:00.0000000,7,2
,<empty>,,Pegatinas moqueta,Arcón Acabados,Maquinaria,,2023-01-25 07:23:00.0000000,3,
,<empty>,,Recambio rodillo 11 cm fibra lana,,Maquinaria,,2023-01-25 07:23:00.0000000,6,2
,<empty>,,"Alargadera 1/2"" 2cm latón",,Maquinaria,,2023-01-25 07:23:00.0000000,15,5
,<empty>,,Plástico cubre todo 4x5m,,Maquinaria,,2023-01-25 07:23:00.0000000,2,1
,<empty>,,Plástico cubre todo 2x50m,,Maquinaria,,2023-01-25 07:23:00.0000000,2,2
,<empty>,,Masilla plástica extra blanca DOKAPI 350gr,,Maquinaria,,2023-01-25 07:23:00.0000000,1,1
,<empty>,,Mono desechable Delta plus XL,,Maquinaria,,2023-01-25 07:23:00.0000000,9,2
,<empty>,,Mono desechable Deltaplus L,,Maquinaria,,2023-01-25 07:23:00.0000000,2,2
,<empty>,,Mono desechable (sin talla),,Maquinaria,,2023-01-25 07:23:00.0000000,1,1
,<empty>,,Setas de seguridad rojas,"SETA. protección, ferralla, varilla 10-16mm, roja",Maquinaria,3350,2023-01-25 07:23:00.0000000,200,
,<empty>,,Cascos protección auditiva,,Maquinaria,,2023-01-25 07:23:00.0000000,10,5
,<empty>,,Tapones con caja,,Maquinaria,,2023-01-25 07:23:00.0000000,35,10
,<empty>,,Tapones espuma usar y tirar,,Maquinaria,,2023-01-25 07:23:00.0000000,350,50
,<empty>,,Guantes  talla 10,"cajas de 12 pares 1,91 precio unidad",Maquinaria,24.829999923706055,2023-01-25 07:23:00.0000000,13,12
,<empty>,,Gafas seguridad nuevas,"10,99 precio unidad",Maquinaria,175.83999633789062,2023-01-25 07:23:00.0000000,16,5
,<empty>,,Gafas herméticas,"gafas de buceo 19,19 precio unidad",Maquinaria,153.52000427246094,2023-01-25 07:23:00.0000000,8,5
,<empty>,,Gafas seguridad sol (usadas),,Maquinaria,,2023-01-25 07:23:00.0000000,0,1
,<empty>,,Gafas seguridad (usadas),"19,91 precio unidad",Maquinaria,39.81999969482422,2023-01-25 07:23:00.0000000,2,1
,<empty>,,Botas seguridad T43,,Maquinaria,,2023-01-25 07:23:00.0000000,2,1
,<empty>,,Botas seguridad T38,,Maquinaria,,2023-01-25 07:23:00.0000000,2,1
,<empty>,,Botas seguridad T45,,Maquinaria,,2023-01-25 07:23:00.0000000,1,1
,<empty>,,Chubasquero chaqueta reflectante,,Maquinaria,,2023-01-25 07:23:00.0000000,2,1
,<empty>,,Chalecos reflectantes,,Maquinaria,,2023-01-25 07:23:00.0000000,9,5
,<empty>,,Juntas de alta resistencia 16*24*2,,Maquinaria,,2023-01-25 07:23:00.0000000,20,5
,<empty>,,Juntas de alta resistencia 13*18*2,,Maquinaria,,2023-01-25 07:23:00.0000000,10,5
,<empty>,,Manguito anti electrólisis M-H 1/2,,Maquinaria,,2023-01-25 07:23:00.0000000,2,1
,<empty>,,Tapón negro 20 1/2,,Maquinaria,,2023-01-25 07:23:00.0000000,6,2
,<empty>,,Kit fijación inodoro,,Maquinaria,,2023-01-25 07:23:00.0000000,2,1
,<empty>,,Tornillos Duplo,,Maquinaria,,2023-01-25 07:23:00.0000000,12,2
,<empty>,,Válvula lavabo con cadena 70x1 1/40,,Maquinaria,,2023-01-25 07:23:00.0000000,1,
,<empty>,,Acoplamiento pared 40x180,,Maquinaria,,2023-01-25 07:23:00.0000000,1,
,<empty>,,Embellecedor sifón suelo 110,,Maquinaria,,2023-01-25 07:23:00.0000000,1,
,<empty>,,Te aquatecnic 25 3/4,,Maquinaria,,2023-01-25 07:23:00.0000000,1,
,<empty>,,Codo aquatecnic 25-25,,Maquinaria,,2023-01-25 07:23:00.0000000,5,2
,<empty>,,Manguito aquatecnic 25,,Maquinaria,,2023-01-25 07:23:00.0000000,1,
,<empty>,,Alargadores aquatecnic 25,,Maquinaria,,2023-01-25 07:23:00.0000000,4,1
,<empty>,,Abrazadera isofónica 160,,Maquinaria,,2023-01-25 07:23:00.0000000,1,
,<empty>,,Abrazadera 125,,Maquinaria,,2023-01-25 07:23:00.0000000,1,
,<empty>,,Abrazadera 110,,Maquinaria,,2023-01-25 07:23:00.0000000,1,
,<empty>,,Abrazadera 100,,Maquinaria,,2023-01-25 07:23:00.0000000,8,2
,<empty>,,Abrazadera 90,,Maquinaria,,2023-01-25 07:23:00.0000000,1,
,<empty>,,Abrazadera 50,,Maquinaria,,2023-01-25 07:23:00.0000000,1,
,<empty>,,Cinta Teflón,"50mx19mmx0,1mmx0,52g Jorman",Maquinaria,,2023-01-25 07:23:00.0000000,2,1
,<empty>,,Cinta Teflón 12mmx12m,,Maquinaria,,2023-01-25 07:23:00.0000000,20,5
,<empty>,,Teflón hilo 160m Tangit Uni lock,,Maquinaria,,2023-01-25 07:23:00.0000000,3,1
,<empty>,,Codo 20 90º,,Maquinaria,,2023-01-25 07:23:00.0000000,21,5
,<empty>,,Codo 25 45º,,Maquinaria,,2023-01-25 07:23:00.0000000,4,1
,<empty>,,Te 20,,Maquinaria,,2023-01-25 07:23:00.0000000,4,1
,<empty>,,Reducción 25-20,,Maquinaria,,2023-01-25 07:23:00.0000000,1,
,<empty>,,Manguito 20,,Maquinaria,,2023-01-25 07:23:00.0000000,5,1
,<empty>,,Esparto,,Maquinaria,,2023-01-25 07:23:00.0000000,2,
,<empty>,,Brida nivelación 2mm,Bolsa 400ud,Maquinaria,,2023-01-25 07:23:00.0000000,1,
,<empty>,,Brida nivelación 1mm,Bolsa 100ud,Maquinaria,,2023-01-25 07:23:00.0000000,9,1
,<empty>,,Cuña nivelación,Bolsa 100ud,Maquinaria,,2023-01-25 07:23:00.0000000,3,1
,<empty>,,Cuñas rojas pequeñas,Stock actual: media bolsa,Maquinaria,,2023-01-25 07:23:00.0000000,1,1
,<empty>,,Crucetas 2mm,,Maquinaria,,2023-01-25 07:23:00.0000000,200,20
,<empty>,,Crucetas 3mm blancas,,Maquinaria,,2023-01-25 07:23:00.0000000,350,30
,<empty>,,Crucetas 3mm gris pequeñas,,Maquinaria,,2023-01-25 07:23:00.0000000,350,30
,<empty>,,Crucetas 3mm gris grandes,,Maquinaria,,2023-01-25 07:23:00.0000000,250,30
,<empty>,,Gel pasacables,Stock actual: medio,Maquinaria,,2023-01-25 07:23:00.0000000,1,1
,<empty>,,Cajas mecanismos para pladur redondos,,Maquinaria,,2023-01-25 07:23:00.0000000,15,5
,<empty>,,Cajas mecanismos para pladur cuadrados,,Maquinaria,,2023-01-25 07:23:00.0000000,4,1
,<empty>,,Caja mecanismos pladur triple (redonda),,Maquinaria,,2023-01-25 07:23:00.0000000,1,
,<empty>,,Caja mecanismos pladur triple (cuadrada),,Maquinaria,,2023-01-25 07:23:00.0000000,1,
,<empty>,,Caja mecanismos pladur grande 20x20,,Maquinaria,,2023-01-25 07:23:00.0000000,1,
,<empty>,,Caja estanca 220x170x80,,Maquinaria,,2023-01-25 07:23:00.0000000,1,
,<empty>,,Caja estanca 310x240x125,,Maquinaria,,2023-01-25 07:23:00.0000000,1,
,<empty>,,Caja estanca 153x110x65,,Maquinaria,,2023-01-25 07:23:00.0000000,3,1
,<empty>,,Caja estanca 160x135x70,,Maquinaria,,2023-01-25 07:23:00.0000000,2,1
,<empty>,,Caja estanca 80x80x35,,Maquinaria,,2023-01-25 07:23:00.0000000,2,1
,<empty>,,Piezas para tapar huecos cuadro,,Maquinaria,,2023-01-25 07:23:00.0000000,2,1
,<empty>,315440,Ficha de empalme 16mm,,Maquinaria,,2023-01-25 07:23:00.0000000,720,30
,<empty>,315450,Ficha de empalme 10-25m,,Maquinaria,,2023-01-25 07:23:00.0000000,360,30
,<empty>,320110,Ficha de empalme 35mm²,,Maquinaria,,2023-01-25 07:23:00.0000000,53,10
,<empty>,,"Ficha de empalme 2,5",,Maquinaria,,2023-01-25 07:23:00.0000000,12,5
,<empty>,,"Manguera blanca 8x0,5",11 metros,Maquinaria,,2023-01-25 07:23:00.0000000,1,
,<empty>,,"Cable tierra 1,5 (retal 5m)",,Maquinaria,,2023-01-25 07:23:00.0000000,1,
,<empty>,,Cable tierra 4mm (retal 12m),,Maquinaria,,2023-01-25 07:23:00.0000000,1,
,<empty>,,Cable tierra 6mm (retal 6m),,Maquinaria,,2023-01-25 07:23:00.0000000,1,
,<empty>,,Llave de corte recta,PL 25-25 Uponor Q&E,Maquinaria,,2023-01-25 07:23:00.0000000,3,2
,<empty>,,Llave de corte de palanca,25-25 Uponor Q&E,Maquinaria,,2023-01-25 07:23:00.0000000,1,1
,<empty>,,Te,Uponor Q&E 25-25-25,Maquinaria,,2023-01-25 07:23:00.0000000,15,5
,<empty>,,Te,Uponor Q&E 20-20-20,Maquinaria,,2023-01-25 07:23:00.0000000,13,5
,<empty>,,Te Uponor 16,Uponor Q&E 16-16-16,Maquinaria,,2023-01-25 07:23:00.0000000,3,2
,<empty>,,Te,Uponor Q&E 20-16-16,Maquinaria,,2023-01-25 07:23:00.0000000,4,2
,<empty>,,Te,Upono Q&E 20-16-20,Maquinaria,,2023-01-25 07:23:00.0000000,2,2
,<empty>,,Te,Uponor Q&E 20-20-16,Maquinaria,,2023-01-25 07:23:00.0000000,4,2
,<empty>,,Manguito,Uponor Q&E 20-20,Maquinaria,,2023-01-25 07:23:00.0000000,19,5
,<empty>,,Manguito,Uponor Q&E 25-25,Maquinaria,,2023-01-25 07:23:00.0000000,15,5
,<empty>,,Manguito,Uponor Q&E reducido 25-20,Maquinaria,,2023-01-25 07:23:00.0000000,5,2
,<empty>,,Manguito,Uponor Q&E reducido 20-16,Maquinaria,,2023-01-25 07:23:00.0000000,1,2
,<empty>,,Codo,Uponor Q&E 20-20,Maquinaria,,2023-01-25 07:23:00.0000000,21,5
,<empty>,,Codo,Uponor Q&E 25-25,Maquinaria,,2023-01-25 07:23:00.0000000,4,2
,<empty>,,Codo 16-16,Uponor Q&E 16-16,Maquinaria,,2023-01-25 07:23:00.0000000,12,5
,<empty>,,Anillo azul,Q&E 25,Maquinaria,,2023-01-25 07:23:00.0000000,5,5
,<empty>,,Anillo azul,Q&E 20,Maquinaria,,2023-01-25 07:23:00.0000000,32,15
,<empty>,,Anillo azul,Q&E 16,Maquinaria,,2023-01-25 07:23:00.0000000,77,20
,<empty>,,Maneta mista,,Maquinaria,,2023-01-25 07:23:00.0000000,10,5
,<empty>,,Llave vista,Uponor 1/3 3/8,Maquinaria,,2023-01-25 07:23:00.0000000,3,2
,<empty>,,Alargadera 1/2 2cm,"12"" 2cm latón",Maquinaria,,2023-01-25 07:23:00.0000000,15,5
,<empty>,,Alargadera reducción,1/2 M-3/4H,Maquinaria,,2023-01-25 07:23:00.0000000,2,2
,<empty>,,Machón latón 3/4,44654,Maquinaria,,2023-01-25 07:23:00.0000000,12,5
,<empty>,,Manguito latón 1/2,Latón 1/2,Maquinaria,,2023-01-25 07:23:00.0000000,8,5
,<empty>,,Manguito latón 3/4,Latón 3/4,Maquinaria,,2023-01-25 07:23:00.0000000,6,5
,<empty>,,Reducción Balona,3/4x1/2 metal,Maquinaria,,2023-01-25 07:23:00.0000000,7,5
,<empty>,,Manguito,Latón 1/2 M-H,Maquinaria,,2023-01-25 07:23:00.0000000,6,5
,<empty>,,Alargadera,1/2 3cm,Maquinaria,,2023-01-25 07:23:00.0000000,1,1
,<empty>,,Racor macho,"PL 25-G3/4"" SN 1023017",Maquinaria,,2023-01-25 07:23:00.0000000,8,2
,<empty>,,Racor macho,PL -G1/2 Sn,Maquinaria,,2023-01-25 07:23:00.0000000,1,1
,<empty>,,Racor macho,"PL 25 G3/4"" MT",Maquinaria,,2023-01-25 07:23:00.0000000,11,5
,<empty>,,Racor macho,"PL 20 G1/2"" MT",Maquinaria,,2023-01-25 07:23:00.0000000,1,1
,<empty>,,Codo fijación 20-1/2,"20,5",Maquinaria,,2023-01-25 07:23:00.0000000,8,5
,<empty>,,Codo fijación 1/2,"16,5",Maquinaria,,2023-01-25 07:23:00.0000000,3,2
,<empty>,,Prolongador flex,Uponor,Maquinaria,,2023-01-25 07:23:00.0000000,1,1
,<empty>,,Codo latón 3/4,44654,Maquinaria,,2023-01-25 07:23:00.0000000,3,2
,<empty>,,Llave de corte recta 16,,Maquinaria,,2023-01-25 07:23:00.0000000,2,1
,<empty>,,Racor hembra,"20,75",Maquinaria,,2023-01-25 07:23:00.0000000,1,1
,<empty>,,Clave tierra,6mm (retal 22m),Maquinaria,,2023-01-25 07:23:00.0000000,1,1
,<empty>,,"Cable marrón 1,5mm","1,5mm (40m)",Maquinaria,,2023-01-25 07:23:00.0000000,1,1
,<empty>,,Cable negro,"1,5mm (40m)",Maquinaria,,2023-01-25 07:23:00.0000000,1,1
,<empty>,,Cable negro,"1,5mm (200m)",Maquinaria,,2023-01-25 07:23:00.0000000,1,1
,<empty>,,Cable negro,"2,5mm (40m)",Maquinaria,,2023-01-25 07:23:00.0000000,1,1
,<empty>,,"Cable negro 2,5","2,5mm (180m)",Maquinaria,,2023-01-25 07:23:00.0000000,1,1
,<empty>,,Cable negro 1mm,1mm (100m),Maquinaria,,2023-01-25 07:23:00.0000000,1,1
,<empty>,,Cable azul neutro,"1,5mm (100m)",Maquinaria,,2023-01-25 07:23:00.0000000,1,1
,<empty>,,Cable azul neutro,"2,5mm (180m)",Maquinaria,,2023-01-25 07:23:00.0000000,1,1
,<empty>,,"Cable rojo 1,5mm","1,5mm acometida",Maquinaria,,2023-01-25 07:23:00.0000000,1,1
,<empty>,,"Cable tierra 1,5mm","1,5mm",Maquinaria,,2023-01-25 07:23:00.0000000,1,1
,<empty>,,Barra colectora de tierra,,Maquinaria,,2023-01-25 07:23:00.0000000,2,2
,<empty>,,Marco 4 elementos,Simón 82 blanco 8200640-030,Maquinaria,,2023-01-25 07:23:00.0000000,1,2
,<empty>,,Marco 2 elementos,Simón 82 blanco 828200620,Maquinaria,,2023-01-25 07:23:00.0000000,2,2
,<empty>,,Enchufe superficie,4490432-035 Simón IP55,Maquinaria,,2023-01-25 07:23:00.0000000,3,2
,<empty>,,Cerradura cuadro,PRA90039,Maquinaria,,2023-01-25 07:23:00.0000000,1,1
,<empty>,,Escudos lateral,A9XPE210 (bolsa 10 ud),Maquinaria,,2023-01-25 07:23:00.0000000,2,1
,<empty>,,Cerradura cuadro,IDE 484448,Maquinaria,,2023-01-25 07:23:00.0000000,1,1
,<empty>,,Enchufe macho+hembra,,Maquinaria,,2023-01-25 07:23:00.0000000,1,1
,<empty>,,Enchufe trifásico,3P+N IP44 GW 62 009H,Maquinaria,,2023-01-25 07:23:00.0000000,1,1
,<empty>,,Clavija trifásica,3P+N IP44 GW 60 0009H,Maquinaria,,2023-01-25 07:23:00.0000000,1,1
,<empty>,,Soporte con tornillo mariposa,CTS 18 BC 90236,Maquinaria,,2023-01-25 07:23:00.0000000,50,30
,<empty>,,Taco brida M6,,Maquinaria,390,2023-01-25 07:23:00.0000000,300,50
,<empty>,,Taco brida M8,,Maquinaria,430,2023-01-25 07:23:00.0000000,300,50
,<empty>,,Tapa salida de cables,Simón 82051-30,Maquinaria,,2023-01-25 07:23:00.0000000,1,1
,<empty>,,"Cable manguera verde 2x1,5",73 metros,Maquinaria,,2023-01-25 07:23:00.0000000,1,0
,<empty>,,Cable manguera verde 2x1,,Maquinaria,,2023-01-25 07:23:00.0000000,1,
,<empty>,,"Cable manguera verde 4x1,5",50m,Maquinaria,,2023-01-25 07:23:00.0000000,1,
,<empty>,,"Cable verde 3x2,5",Rollo 50m,Maquinaria,21868,2023-01-25 07:23:00.0000000,1,1
,<empty>,,"Cable manguera verde 3x2,5","4,04 + 1,71 + 2,41 + 6,52",Maquinaria,,2023-01-25 07:23:00.0000000,1,
,<empty>,,Corrugado 20x4 rollos,(16m),Maquinaria,,2023-01-25 07:23:00.0000000,1,1
,<empty>,,Corrugado 32,(50m),Maquinaria,,2023-01-25 07:23:00.0000000,1,1
,<empty>,,Cable fibra óptica,3mm (30m),Maquinaria,,2023-01-25 07:23:00.0000000,1,1
,<empty>,,Cable coaxial,RG59 75ohm (50m),Maquinaria,,2023-01-25 07:23:00.0000000,1,1
,<empty>,,Cable altavoz rojo/negro,(100m),Maquinaria,,2023-01-25 07:23:00.0000000,1,1
,<empty>,,Caja de superficie,1 conexión fonestar WP-85CJ,Maquinaria,,2023-01-25 07:23:00.0000000,5,3
,<empty>,,Caja de superficie,12 conexión fonestar,Maquinaria,,2023-01-25 07:23:00.0000000,1,1
,<empty>,,Marco y chasis,2 elementos fonestar WP 149MCH,Maquinaria,,2023-01-25 07:23:00.0000000,1,1
,<empty>,,Cinta climaver star,75mmx50m,Maquinaria,,2023-01-25 07:23:00.0000000,4,2
,<empty>,,Cinta aluminio climaver,55mmx50m,Maquinaria,,2023-01-25 07:23:00.0000000,7,2
,<empty>,,Grapa clima 58/14,58/14 (caja 5000ud),Maquinaria,,2023-01-25 07:23:00.0000000,7,5
,<empty>,,Cinta antivibratoria 70mm,CINTA. Adhesiva antivibratoria 70mm (30mL),Maquinaria,667,2023-01-25 07:23:00.0000000,5,1
,<empty>,,Cinta de juntas pladur,,Maquinaria,,2023-01-25 07:23:00.0000000,1,1
,<empty>,,Cinta de juntas pladur reforzada,50mm (rollo 30m),Maquinaria,,2023-01-25 07:23:00.0000000,1,1
,<empty>,,Caramelos,,Maquinaria,,2023-01-25 07:23:00.0000000,100,20
,<empty>,,Paraguas M6,,Maquinaria,,2023-01-25 07:23:00.0000000,10,10
,<empty>,,Cinta aislante marrón,"CINTA. aislante, electricista, 19mmx0,15mmx20m marrón",Maquinaria,65,2023-01-25 07:23:00.0000000,2,2
,<empty>,,Cinta aislante gris,"CINTA. aislante, electricista, 19mmx20m, gris",Maquinaria,66,2023-01-25 07:23:00.0000000,7,3
,<empty>,,Cinta aislante azul,"CINTA. aislante, electricista, 19mmx20m, azul",Maquinaria,247,2023-01-25 07:23:00.0000000,6,3
,<empty>,,Cinta aislante blanco,"CINTA. aislante, electricista, 19mmx20m, blanco",Maquinaria,66,2023-01-25 07:23:00.0000000,4,3
,<empty>,,Cinta aislante negro,"CINTA. aislante, 19mmx20m, negro",Maquinaria,102,2023-01-25 07:23:00.0000000,9,5
,<empty>,,Trapos pintura,pack,Maquinaria,255,2023-01-25 07:23:00.0000000,2,1
,<empty>,,Cinta carrocero ancha,,Maquinaria,,2023-01-25 07:23:00.0000000,3,2
,<empty>,,Cinta carrocero estrecha,,Maquinaria,,2023-01-25 07:23:00.0000000,2,2
,<empty>,,Cinta doble cara,,Maquinaria,,2023-01-25 07:23:00.0000000,1,2
,<empty>,,Cinta baliza amarillo/negro,,Maquinaria,,2023-01-25 07:23:00.0000000,1,2
,<empty>,,Film alimentario morado,"(para andamios) rollo 1,5",Maquinaria,,2023-01-25 07:23:00.0000000,1,1
,<empty>,,Cocodrilo Hilti,MAB9 #375956,Maquinaria,,2023-01-25 07:23:00.0000000,76,25
,<empty>,,Abrazadera 50,,Maquinaria,,2023-01-25 07:23:00.0000000,11,5
,<empty>,,Abrazadera 25,,Maquinaria,,2023-01-25 07:23:00.0000000,13,5
,<empty>,,Abrazadera 32,,Maquinaria,,2023-01-25 07:23:00.0000000,1,5
,<empty>,,Taco golpe,M36x30mm (caja 200ud),Maquinaria,,2023-01-25 07:23:00.0000000,2,1
,<empty>,,Tuerca M6,(caja 200 ud),Maquinaria,,2023-01-25 07:23:00.0000000,1,1
,<empty>,,Tornillo tiras Hilti,,Maquinaria,,2023-01-25 07:23:00.0000000,675,1
,<empty>,,Tornillo placa-placa,"4,8x35",Maquinaria,,2023-01-25 07:23:00.0000000,1500,500
,<empty>,,Taco Molly,M5x37 diámetro 9,Maquinaria,,2023-01-25 07:23:00.0000000,65,30
,<empty>,,Piezas cuelgue techo,,Maquinaria,,2023-01-25 07:23:00.0000000,80,50
,<empty>,,Piezas empalme M8,,Maquinaria,,2023-01-25 07:23:00.0000000,43,30
,<empty>,,Piezas empalme M6,,Maquinaria,,2023-01-25 07:23:00.0000000,52,30
,<empty>,,Anclaje tornillo,HUS 3-H 6x80 45/25 #416737,Maquinaria,,2023-01-25 07:23:00.0000000,90,50
,<empty>,,Anclaje HUS H6,,Maquinaria,,2023-01-25 07:23:00.0000000,200,50
,<empty>,,"Tirafondo M6 4,9x30",,Maquinaria,,2023-01-25 07:23:00.0000000,71,30
,<empty>,,Tornillo pladur 25,,Maquinaria,,2023-01-25 07:23:00.0000000,600,200
,<empty>,,Tornillo 35,tirafondo,Maquinaria,,2023-01-25 07:23:00.0000000,100,200
,<empty>,,Tornillo 35,(maletín),Maquinaria,,2023-01-25 07:23:00.0000000,200,100
,<empty>,,Tornillo 45,(maletín),Maquinaria,,2023-01-25 07:23:00.0000000,100,100
,<empty>,,Tornillo 55,(maletín),Maquinaria,,2023-01-25 07:23:00.0000000,100,200
,<empty>,,Tornillo carpintería 3x45,3x45,Maquinaria,,2023-01-25 07:23:00.0000000,900,400
,<empty>,,Tornilllo carpintería 6x60,6x60,Maquinaria,,2023-01-25 07:23:00.0000000,170,150
,<empty>,,Perrillos GC40 toma tierra,,Maquinaria,,2023-01-25 07:23:00.0000000,2,2
,<empty>,,Cinta de embalar transparente,"CINTA. embalaje, 4120, 50mmx66m, transparente",Maquinaria,287,2023-01-25 07:23:00.0000000,2,5
,<empty>,,Pegamento AZ H40,Gel blanco C2TES1 25kg,Maquinaria,1845,2023-01-25 07:23:00.0000000,47,15
,<empty>,,Pasta junta 5K,FUGAB 0-5 01 BLANCA Kerakoll,Maquinaria,968,2023-01-25 07:23:00.0000000,4,2
,<empty>,,Pasta junta 5K,FUGAB 0-5 03 GRIS PERLA Kerakoll,Maquinaria,1196,2023-01-25 07:23:00.0000000,3,2
,<empty>,,Cinta americana,"CINTA. americana, 50mmx50m, gris plata",Maquinaria,325,2023-01-25 07:23:00.0000000,0,1
,<empty>,,Cinta aislante autovulcanizante,"CINTA. aislante, autovulcanizante, 10m",Maquinaria,1395,2023-01-25 07:23:00.0000000,0,1
,<empty>,,Cinta carrocera ancha,"CINTA. carrocera, adhesiva, 48mmx45m",Maquinaria,281,2023-01-25 07:23:00.0000000,2,7
,<empty>,,Cinta carrocera estrecha,"CINTA. carrocera, adhesiva, lisa, 24mmx45m",Maquinaria,121,2023-01-25 07:23:00.0000000,2,5
,<empty>,,Manta pintor,"MANTA. protector de suelo, fieltro+plástico, 100cmx25m",Maquinaria,2733,2023-01-25 07:23:00.0000000,2,2
,<empty>,,Plástico cubretodo,"PLáSTICO. cubretodo, 2x50m",Maquinaria,512,2023-01-25 07:23:00.0000000,6,2
,<empty>,,Film plástico burbuja,"FILM. plástico, burbuja, 150x1,20m",Maquinaria,3327,2023-01-25 07:23:00.0000000,1,1
,<empty>,,Film alimentario transparente,"FILM. alimentario, 30cmx300m, transparente, B04011",Maquinaria,1159,2023-01-25 07:23:00.0000000,0,1
,<empty>,,Film manual,"FILM. manual, estirable, 500x23micras, 2,4kg, negro",Maquinaria,3517,2023-01-25 07:23:00.0000000,0,1
,<empty>,,Cubrezapato,"CUBREZAPATO. plástico, azul",Maquinaria,319,2023-01-25 07:23:00.0000000,0,2
,<empty>,,Guantes talla mediana,"GUANTES. vinilo, s/polvo, azul, talla mediana",Maquinaria,995,2023-01-25 07:23:00.0000000,1,2
,<empty>,,Guantes talla grande,"GUANTE. vinilo, s/polvo, azul, talla grande",Maquinaria,995,2023-01-25 07:23:00.0000000,1,2
,<empty>,,Bolsa bausra 54x60cm,"BOLSA. basura, 100gr, 54x60cm, negra",Maquinaria,151,2023-01-25 07:23:00.0000000,0,3
,<empty>,,Bolsa basura 60x90cm,"BOLSA. basura, resistencia media, 60x90cm, negra",Maquinaria,263,2023-01-25 07:23:00.0000000,0,3
,<empty>,,Guantes talla 8,"Caja de 12 pares 1,91 precio unidad",Maquinaria,42.02000045776367,2023-01-25 07:23:00.0000000,22,12
,<empty>,,Grasa,"GRASA. litio, biodegradable, líquida, 300ml",Maquinaria,538,2023-01-25 07:23:00.0000000,1,1
,<empty>,,Pintura spray amarillo fluorescente,"PINTURA. spray, T146, 400ml, amarillo fluorescente (YELLOW SPRAY)",Maquinaria,478,2023-01-25 07:23:00.0000000,1,2
,<empty>,,Pintura spray naranja fluorescente,"PINTURA. spray, 500ml, T143, naranja fluorescente",Maquinaria,478,2023-01-25 07:23:00.0000000,2,2
,<empty>,,Pintura spray rojo,"PINTURA. spray marcador fluor, 650cc, rojo",Maquinaria,800,2023-01-25 07:23:00.0000000,0,2
,<empty>,,Aceite,"ACEITE. lubricante, 400ml",Maquinaria,563,2023-01-25 07:23:00.0000000,3,2
,<empty>,,"Brida 3,6x279mm","BRIDA. 3,6x279mm, negra",Maquinaria,509,2023-01-25 07:23:00.0000000,0,5
,<empty>,,"Brida 4,8x287mm","BRIDA. 4,8x287mm, negra",Maquinaria,822,2023-01-25 07:23:00.0000000,0,5
,<empty>,,"Brida 100x2,5","BRIDA. blanca 100x2,5",Maquinaria,52,2023-01-25 07:23:00.0000000,1,1
,<empty>,,Tacos 6mm,"TACOS. presión para brida, 6mm",Maquinaria,450,2023-01-25 07:23:00.0000000,0,2
,<empty>,,Tacos 8mm,"TACO. para bridas, taladro, nylon, 8mm, negro",Maquinaria,530,2023-01-25 07:23:00.0000000,0,2
,<empty>,,Cuchilla para cutter,"CUCHILLA. para cutter, recambio, 18mm",Maquinaria,282,2023-01-25 07:23:00.0000000,3,2
,<empty>,,Electrodos,"ELECTRODOS. básico, E7016, 2,50x3,50mm",Maquinaria,10680,2023-01-25 07:23:00.0000000,144,50
,<empty>,,Filtro VC 20-UM,FILTRO. para aspirador VC 20-UM,Maquinaria,15142,2023-01-25 07:23:00.0000000,0,1
,<empty>,,Taco esponja,"TACO. de esponja, lija, abrasiva, grano fino",Maquinaria,49,2023-01-25 07:23:00.0000000,3,5
,<empty>,,Taco lija fina,"TACO. lija, super fina. grano 180",Maquinaria,62,2023-01-25 07:23:00.0000000,3,3
,<empty>,,Calzo 20x100mm,"CALZO. nivelar, 20x100mm",Maquinaria,5470,2023-01-25 07:23:00.0000000,0,1
,<empty>,,Set,"SET. reparación madera, rotuladores, ceras, sacapuntas",Maquinaria,1099,2023-01-25 07:23:00.0000000,0,1
,<empty>,,Limpiador spray,"LIMPIADOR. spray, para herramientas, componentes eléctricos",Maquinaria,706,2023-01-25 07:23:00.0000000,1,2
,<empty>,,Pila LR6,"PILA. alcalina, AA, LR6, Max Plus",Maquinaria,1639,2023-01-25 07:23:00.0000000,0,1
,<empty>,,P,,Maquinaria,,2023-01-25 07:23:00.0000000,0,
,<empty>,,Pila LR3,"PILA. alcalina, AAA, LR3, Max Plus",Maquinaria,1639,2023-01-25 07:23:00.0000000,0,1
,<empty>,,Cuerda,"CUERDA. de albañil, polietileno, 4 cabos, diámetro 5mm",Maquinaria,335,2023-01-25 07:23:00.0000000,0,1
,<empty>,,Esponja,"ESPONJA. embaldosador, alicatador, mixta",Maquinaria,320,2023-01-25 07:23:00.0000000,0,2
,<empty>,,Calzo 1mm,"CALZO. sistema de nivelación, Peygran, 1mm, 1/32""",Maquinaria,2699,2023-01-25 07:23:00.0000000,0,1
,<empty>,,Calzo 2mm,"CALZO. sistema de nivelación, Peygran, 2mm",Maquinaria,2699,2023-01-25 07:23:00.0000000,0,1
,<empty>,,Cuña de nivelación,"CUÑA. alicatado, plástico, sistema de nivelación, 72x14x20,5",Maquinaria,882,2023-01-25 07:23:00.0000000,4,1
,<empty>,,Crucetas 1mm,"CRUCETAS. p/juntas alicatado, 1mm",Maquinaria,255,2023-01-25 07:23:00.0000000,2,1
,<empty>,,Crucetas 2mm,"CRUCETAS. p/juntas baldosa, 2mm (TILE CROSS)",Maquinaria,357,2023-01-25 07:23:00.0000000,2,1
,<empty>,,Cuña alicatado 6mm,"CUÑA. alicatado, plástico, 6mm",Maquinaria,709,2023-01-25 07:23:00.0000000,0,1
,<empty>,,Marcador,MARCADOR. para marcar sobre el tejido neto,Maquinaria,629,2023-01-25 07:23:00.0000000,0,1
,<empty>,,Varilla,"VARILLA. soldar cobre 80%, plata 20%, diámetro 1,5 500gr",Maquinaria,6495,2023-01-25 07:23:00.0000000,0,1
,<empty>,,Cinta adhesiva 50 micras,"CINTA. adhesiva de aluminio, 50 micras, 63mmx50m",Maquinaria,853,2023-01-25 07:23:00.0000000,0,10
,<empty>,,Cinta antivibratoria 50mm,"CINTA. adhesiva, antivibratoria, 50mm, 30ml",Maquinaria,586,2023-01-25 07:23:00.0000000,0,
,<empty>,,Cinta adhesiva,"CINTA. adhesiva, antivibratoria, 70mm, 30ml",Maquinaria,667,2023-01-25 07:23:00.0000000,0,
,<empty>,,Cinta antivibratoria 90mm,"CINTA. adhesiva, antivibratoria, 90mm",Maquinaria,1270,2023-01-25 07:23:00.0000000,0,
,<empty>,,Cinta de juntas,"CINTA de juntas de papel para tabiquería seca, 5,1 cm.",Maquinaria,393,2023-01-25 07:23:00.0000000,0,
,<empty>,,Espuma de poliuretano,"ESPUMA para pistola, poliuretano, 1C, 750ml",Maquinaria,668,2023-01-25 07:23:00.0000000,7,3
,<empty>,,Espuma con cánula,"ESPUMA con cánula, poliuretano, Soudafoam, 750ml",Maquinaria,534,2023-01-25 07:23:00.0000000,0,3
,<empty>,,Limpiador de espuma,"LIMPIADOR de espuma de poliuretano, para pistola, 500ml",Maquinaria,1656,2023-01-25 07:23:00.0000000,2,1
,<empty>,,Silicona para sanitario,"SILICONA para sanitario, base acuosa, 310ml, blanca",Maquinaria,506,2023-01-25 07:23:00.0000000,6,1
,<empty>,,Adhesivo transparente,"ADHESIVO, MS Absolute Extrem, 300ml, transparente.",Maquinaria,1259,2023-01-25 07:23:00.0000000,12,12
,<empty>,,Masilla acrílica 300ml,"MASILLA acrílica, 300ml, blanca, Novo Sil",Maquinaria,161,2023-01-25 07:23:00.0000000,12,12
,<empty>,,Silicona neutra,"SILICONA neutra, Plus, 310ml, gris ral 7016",Maquinaria,553,2023-01-25 07:23:00.0000000,13,4
,<empty>,,Silicona acética,"SILICONA acética, puro Mapesil AC Negro Mapei",Maquinaria,349,2023-01-25 07:23:00.0000000,2,2
,<empty>,,Masilla plástica,"MASILLA plástica, 500ml.",Maquinaria,695,2023-01-25 07:23:00.0000000,0,1
,<empty>,,Adhesivo coquilla,ADHESIVO para coquilla.,Maquinaria,806,2023-01-25 07:23:00.0000000,0,1
,<empty>,,Disco corte azulejos,"DISCO. corte, para azulejos, DC-D SPX, 125x22,23mm",Maquinaria,2867,2023-01-25 07:23:00.0000000,0,2
,<empty>,,Disco corte metal,"DISCO. corte metal, abrasivo, fino, AC-D SPX, 125x1,0x22,23mm",Maquinaria,9643,2023-01-25 07:23:00.0000000,0,1
,<empty>,,Disco de láminas,"DISCO. de láminas, desbaste y pulido, acero inoxidable, AF-D, P60 SP, 125x22,2mm, negro",Maquinaria,327,2023-01-25 07:23:00.0000000,0,1
,<empty>,,Disco de desbaste,"DISCO. de desbaste, metal, AG-D SP, 125x6,4x22,23mm",Maquinaria,389,2023-01-25 07:23:00.0000000,0,2
,<empty>,,Disco lijadora P80,"DISCO. para lijadora pared y techo, velcro, malla, P80, 225",Maquinaria,107,2023-01-25 07:23:00.0000000,0,5
,<empty>,,Disco lijadora P120,"DISCO. para lijadora pared y techo, velcro, malla, P120, 225",Maquinaria,107,2023-01-25 07:23:00.0000000,0,5
,<empty>,,"Disco corte hormigón 125x1,8x22,23mm","DISCO. corte hormigón, diamante, silencioso, EQD SPX, 125x1,8x22,23mm",Maquinaria,10458,2023-01-25 07:23:00.0000000,0,1
,<empty>,,"Disco corte hormigón 230x2x22,23mm","DISCO. corte hormigón, diamante, silencioso, EQD SPX, 230x2x22,23mm",Maquinaria,10782,2023-01-25 07:23:00.0000000,0,1
,<empty>,,"Puntas sin cabeza 0,6mm","PUNTAS. sin cabeza, grosor 0,6mm, largo 30mm",Maquinaria,2553,2023-01-25 07:23:00.0000000,0,1
,<empty>,,Broca percusión 6x120mm,"BROCA. taladro, percusión SDS Plus, TE-CX, 6x120mm",Maquinaria,725,2023-01-25 07:23:00.0000000,0,1
,<empty>,,Broca percusión 8x120mm,"BROCA. taladro, percusión SDS Plus, TE-CX, 8x120mm",Maquinaria,887,2023-01-25 07:23:00.0000000,0,1
,<empty>,,Broca diamante,"BROCA. diamante, DD-BH , 6mm",Maquinaria,3573,2023-01-25 07:23:00.0000000,0,4
,<empty>,,Juego de hojas de sierra,"JUEGO. hojas, sierra calar, SJB BC, 10hojas/paquete",Maquinaria,1060,2023-01-25 07:23:00.0000000,0,1
,<empty>,,Hoja sierra sable 152mm,"HOJA. sierra sable, MD, 152mm",Maquinaria,3688,2023-01-25 07:23:00.0000000,0,
,<empty>,,Hoja sierra sable 230mm,"HOJA. sierra sable, MB, 230mm",Maquinaria,2465,2023-01-25 07:23:00.0000000,0,
,<empty>,,Hoja sierra sable 153mm,"HOJA. sierra sable tabique seco y fibrocemento, 153mm,",Maquinaria,21628,2023-01-25 07:23:00.0000000,0,1
,<empty>,,Hoja sierra sable 300mm,"HOJA. sierra sable corete ladrillo y hormigón, 300mm",Maquinaria,9067,2023-01-25 07:23:00.0000000,0,1
,<empty>,,Brocas de hierro,Brocas de hierro,Maquinaria,15662,2023-01-25 07:23:00.0000000,0,1
,<empty>,,Hoja sierra arco,HOJA de sierra de arco,Maquinaria,76,2023-01-25 07:23:00.0000000,4,2
,<empty>,,Taco yeso,TACO para yeso Duotec,Maquinaria,2094,2023-01-25 07:23:00.0000000,0,1
,<empty>,,Taco químico plástico,Taco para taco químico de plástico (tamiz anclaje químico),Maquinaria,1595,2023-01-25 07:23:00.0000000,3,20
,<empty>,,Tornillo autoperforante,"TORNILLO. PP autoperforante TN 5,5x32",Maquinaria,268,2023-01-25 07:23:00.0000000,50,15
,<empty>,,Tornillo placa metal,"TORNILLO. placa metal, punta broca, 3,5x45mm, fosfatado",Maquinaria,1237,2023-01-25 07:23:00.0000000,0,1
,<empty>,,"Tornillo placa yeso 3,5x25","TORNILLO. placa yeso, 3,5x25mm, fosfatado",Maquinaria,691,2023-01-25 07:23:00.0000000,1,1
,<empty>,,"Tornillo placa yeso 3,5x45","TORNILLO. placa yeso, 3,5x45mm, fosfatado",Maquinaria,535,2023-01-25 07:23:00.0000000,1,1
,<empty>,,Tornillo tabique seco,"TORNILLO. tabique seco, tira, S-DS01B, 3,5x35",Maquinaria,2707,2023-01-25 07:23:00.0000000,0,2
,<empty>,,Tornillo pladur,TORNILLO. Pladur PMA 4.8x35,Maquinaria,1316,2023-01-25 07:23:00.0000000,0,1
,<empty>,,Tornillo aglomerado,"TORNILLO. aglomerado, avellanada, pozidrive, DIN7505-A, M4x50",Maquinaria,1135,2023-01-25 07:23:00.0000000,0,1
,<empty>,,Tornillo aglomerado,"TORNILLO. aglomerado, avellanada, pozidrive, DIN7505-A, M4x70",Maquinaria,3013,2023-01-25 07:23:00.0000000,0,1
,<empty>,,Tornillo aglomerado,"TORNILLO. aglomerado, avellanada, pozidrive, DIN7505-A, M5x60",Maquinaria,1621,2023-01-25 07:23:00.0000000,0,1
,<empty>,,Tornillo aglomerado,"TORNILLO. aglomerado, avellanada, pozidrive, DIN7505-A, M6x100",Maquinaria,3821,2023-01-25 07:23:00.0000000,0,1
,<empty>,,Tornillo aglomerado,"TORNILLO. aglomerado, avellanada, pozidrive, DIN7505-A, M6x140",Maquinaria,6401,2023-01-25 07:23:00.0000000,0,1
,<empty>,,Anclaje tornillo M6 6x35mm,"ANCLAJE. tornillo, HUS3-I, flex, M6, 6x35mm",Maquinaria,4483,2023-01-25 07:23:00.0000000,0,100
,<empty>,,Anclaje tornillo M8/M10 6x35mm,"ANCLAJE. tornillo, HUS3-I, M8/M10, 6x35mm [SCREW ANCHOR]",Maquinaria,7447,2023-01-25 07:23:00.0000000,0,1
,<empty>,,Anclaje tornillo M8/M10 6x55mm,"ANCLAJE. tornillo, HUS3-I, M8/M10, 6x55mm",Maquinaria,9438,2023-01-25 07:23:00.0000000,100,100
,<empty>,,Tornillo tirafondo 6x60,"TORNILLO. tirafondo, hexagonal, DIN571, 6x60, zincado",Maquinaria,610,2023-01-25 07:23:00.0000000,190,50
,<empty>,,"Tornillo autotaladrante 5,5 x 63",Cabeza hexagonal con arandela estampada,Maquinaria,586,2023-01-25 07:23:00.0000000,40,15
,<empty>,,Tornillo panel sándwich,"TORNILLO. para panel sandwich, autotaladrante, arandela de acero 16mm, EPDM, DIN7504-K, 6,3x115",Maquinaria,3376,2023-01-25 07:23:00.0000000,0,1
,<empty>,,Arandela plana DIN 125,"ARANDELA. plana, ala normal, DIN125, M6, zincada",Maquinaria,1000,2023-01-25 07:23:00.0000000,0,1
,<empty>,,Arandela plana DIN 126,"ARANDELA. plana, DIN126, M8, inoxidable",Maquinaria,2,2023-01-25 07:23:00.0000000,0,200
,<empty>,,Tuerca hexagonal,"TUERCA. hexagonal, DIN934, M6, inoxidable",Maquinaria,2,2023-01-25 07:23:00.0000000,0,200
,<empty>,,Tuerca hexagonal,"TUERCA. hexagonal, DIN936, M8, zincada",Maquinaria,546,2023-01-25 07:23:00.0000000,0,1
,<empty>,,Tuerca autoblocante,"TUERCA. autoblocante, DIN985, M6, zincado",Maquinaria,297,2023-01-25 07:23:00.0000000,0,1
,<empty>,,Tuerca autoblocante,"TUERCA. autoblocante, DIN985, M8, zincado",Maquinaria,277,2023-01-25 07:23:00.0000000,0,1
,<empty>,,Manguito hexagonal M6x30,"MANGUITO. unión varilla roscada, hexagonal, DIN6334, M6x30",Maquinaria,5033,2023-01-25 07:23:00.0000000,0,1
,<empty>,,Manguito hexagonal M8x25,"MANGUITO. unión varilla roscada, hexagonal, DIN6334, M8x25",Maquinaria,5057,2023-01-25 07:23:00.0000000,0,1
,<empty>,,Clavos para encofrar,"CLAVOS. para encofrar, 20x100mm, paq/3kg [NAILS]",Maquinaria,150,2023-01-25 07:23:00.0000000,0,1
,<empty>,,Tornillo unión placas,"TORNILLO. union placas, 3,9x45, fosfatado",Maquinaria,2398,2023-01-25 07:23:00.0000000,0,1
,<empty>,,Clavos tira,"CLAVOS. tira, X-P, 24 B3 MX, vástago de perno 24mm",Maquinaria,12937,2023-01-25 07:23:00.0000000,0,1
,<empty>,,Taco golpe,"TACO. golpe, 6x30mm, 200ud",Maquinaria,1240,2023-01-25 07:23:00.0000000,1,1
,<empty>,,Adhesivo tuberías,"ADHESIVO. para tuberías, con pincel, pvc, 500gr",Maquinaria,670,2023-01-25 07:23:00.0000000,1,1
,<empty>,,Limpiador tubería,"LIMPIADOR. tubería, pvc, 1000ml",Maquinaria,1271,2023-01-25 07:23:00.0000000,0,1
,<empty>,,Hilo sellador,"HILO. sellador, tubería, mod. 55",Maquinaria,835,2023-01-25 07:23:00.0000000,0,2
,<empty>,,Conector macho RJ11,"CONECTOR. macho, RJ11, SK2-C12224-B149",Maquinaria,460,2023-01-25 07:23:00.0000000,0,1
,<empty>,,Conector macho RJ45,"CONECTOR. macho, categoría 6, RJ45",Maquinaria,998,2023-01-25 07:23:00.0000000,0,1
,<empty>,,Funda conector RJ45,"FUNDA. para conector RJ45, de cable Ethernet, gris",Maquinaria,106,2023-01-25 07:23:00.0000000,0,1
,<empty>,,"Cable azul 1,5mm","CABLE. Neutro H07Z1-K 1x1,5mm, azul",Maquinaria,3144,2023-01-25 07:23:00.0000000,1,1
,<empty>,,"Cable negro 1,5mm","CABLE. flexible, H07Z1-K (AS), 1x1,5mm, negro",Maquinaria,4235,2023-01-25 07:23:00.0000000,1,1
,<empty>,,"Cable azul 2,5mm","CABLE. flexible, neutro, H07Z1-K, 1x2,5mm, azul",Maquinaria,2476,2023-01-25 07:23:00.0000000,1,1
,<empty>,,"Cable negro 2,5mm","CABLE. flexible, H07Z1-K (AS), 1x2,5mm, negro",Maquinaria,2476,2023-01-25 07:23:00.0000000,1,1
,<empty>,,"Cable gris 2,5mm","CABLE. flexible, H07Z1-K (AS), B2ca, 1x2,5mm, gris",Maquinaria,3043,2023-01-25 07:23:00.0000000,1,1
,<empty>,,"Cable marrón 2,5mm","CABLE. flexible, H07Z1-K (AS), 1x2,5mm, marrón",Maquinaria,3043,2023-01-25 07:23:00.0000000,1,1
,<empty>,,Cable azul 4mm,"CABLE. neutro, H07Z1-K, 1x4mm, azul",Maquinaria,4003,2023-01-25 07:23:00.0000000,0,1
,<empty>,,Cable negro 4mm,"CABLE. flexible, H07Z1-K (AS), B2ca, 1x4mm², negro",Maquinaria,3827,2023-01-25 07:23:00.0000000,0,1
,<empty>,,Cable azul 6mm,CABLE. Neutro H07Z1-K 1x6mm² Azul,Maquinaria,7487,2023-01-25 07:23:00.0000000,1,1
,<empty>,,Cable negro 6mm,"CABLE. flexible, H07Z1-K (AS), 6mm², negro",Maquinaria,7487,2023-01-25 07:23:00.0000000,1,1
,<empty>,,Señalizador 0,"SEÑALIZADOR de cable numeración 0 2,5mm",Maquinaria,115,2023-01-25 07:23:00.0000000,180,20
,<empty>,,Señalizador 1,"SEÑALIZADOR de cable numeración 1 2,5mm",Maquinaria,115,2023-01-25 07:23:00.0000000,30,20
,<empty>,,Señalizador 2,"SEÑALIZADOR de cable numeración 2 2,5mm",Maquinaria,115,2023-01-25 07:23:00.0000000,20,20
,<empty>,,Señalizador 3,"SEÑALIZADOR de cable numeración 3 2,5mm",Maquinaria,115,2023-01-25 07:23:00.0000000,160,20
,<empty>,,Señalizador 4,"SEÑALIZADOR de cable numeración 4 2,5mm",Maquinaria,115,2023-01-25 07:23:00.0000000,115,1
,<empty>,,Señalizador 5,"SEÑALIZADOR de cable numeración 5 2,5mm",Maquinaria,115,2023-01-25 07:23:00.0000000,135,20
,<empty>,,Señalizador 6,"SEÑALIZADOR de cable numeración 6 2,5mm",Maquinaria,115,2023-01-25 07:23:00.0000000,100,20
,<empty>,,Señalizador 7,"SEÑALIZADOR de cable numeración 7 2,5mm",Maquinaria,115,2023-01-25 07:23:00.0000000,150,40
,<empty>,,Señalizador 8,"SEÑALIZADOR de cable numeración 8 2,5mm",Maquinaria,115,2023-01-25 07:23:00.0000000,160,20
,<empty>,,Señalizador 9,"SEÑALIZADOR de cable numeración 9 2,5mm",Maquinaria,115,2023-01-25 07:23:00.0000000,145,20
,<empty>,,Señalizador E,"SEÑALIZADOR de cable numeración E 2,5mm",Maquinaria,115,2023-01-25 07:23:00.0000000,40,20
,<empty>,,"Puntera hueca 1,5mm negro","PUNTERA. hueca, aislada, APF, 1,50mm, negro [CRIMP BOOTLACE FERRULE]",Maquinaria,74,2023-01-25 07:23:00.0000000,0,1
,<empty>,,"Puntera hueca 2,5mm gris","PUNTERA. hueca, aislada, APF, 2,50mm, gris [CRIMP BOOTLACE FERRULE]",Maquinaria,74,2023-01-25 07:23:00.0000000,0,1
,<empty>,,"Puntera hueca doble 1,5mm","PUNTERA. doble, hueca, aislada, 1,5mm",Maquinaria,74,2023-01-25 07:23:00.0000000,0,1
,<empty>,,"Puntera hueca doble 2,5mm","PUNTERA. doble, hueca, aislada, 2,5mm",Maquinaria,100,2023-01-25 07:23:00.0000000,0,1
,<empty>,,Puntera hueca 4mm,"PUNTERA. hueca, aislada, 4mm",Maquinaria,175,2023-01-25 07:23:00.0000000,0,1
,<empty>,,Puntera hueca 6mm,"PUNTERA. hueca, aislada, 6mm",Maquinaria,175,2023-01-25 07:23:00.0000000,0,1
,<empty>,,Puntera hueca 10mm,"PUNTERA. hueca, aislada, 10mm",Maquinaria,175,2023-01-25 07:23:00.0000000,0,1
,<empty>,,Terminal puntera blanco,TERMINAL. Puntera preaislada 16mm Blanco,Maquinaria,264,2023-01-25 07:23:00.0000000,0,1
,<empty>,,"Borne 0,14-4mmx5","BORNE. terminal de conexión, 0,14 a 4 mm²x5 conectores",Maquinaria,1788,2023-01-25 07:23:00.0000000,0,10
,<empty>,,"Borne 0,14-4mmx3","BORNE. terminal de conexión, 0,14 a 4 mm²x3 conectores",Maquinaria,1499,2023-01-25 07:23:00.0000000,0,1
,<empty>,,Borne 6mmx3,"BORNE. terminal de conexión, 6 mm²x3 conectores [TERMINAL CONNECTOR BLOCK]",Maquinaria,1678,2023-01-25 07:23:00.0000000,0,25
,<empty>,,Borne 6mmx5,"BORNE. terminal de conexión, 6 mm²x5 conectores [TERMINAL CONNECTOR BLOCK]",Maquinaria,1678,2023-01-25 07:23:00.0000000,0,10
,<empty>,,Cola,"COLA. adhesivo, vinílico en dispersión acuosa, para unión de lana",Maquinaria,1083,2023-01-25 07:23:00.0000000,0,2
,<empty>,,Grapa,GRAPA. para grapadora,Maquinaria,1137,2023-01-25 07:23:00.0000000,0,1
,<empty>,,Bridas 9x1220mm,"BRIDAS. nylon, 9x1220mm, incolora",Maquinaria,4525,2023-01-25 07:23:00.0000000,0,1
,<empty>,,Recambio cuchillas,"CUCHILLAS. variadas, juego de recambio, para herramientas MM² y M",Maquinaria,6171,2023-01-25 07:23:00.0000000,1,1
,<empty>,,Cinta aislante verde/amarillo,"CINTA. aislante, electricista, 19mmx20m, verde/amarillo",Maquinaria,61,2023-01-25 07:23:00.0000000,0,3
,<empty>,,Tiritas resistentes al agua,"TIRITAS. resistentes al agua, 100x6cm",Maquinaria,301,2023-01-25 07:23:00.0000000,0,
,<empty>,,Tiritas adhesivas,"TIRITAS. adhesivas, tela precortadas",Maquinaria,263,2023-01-25 07:23:00.0000000,0,
,<empty>,,Agua oxigenada,"AGUA. oxigenada, 250 ml",Maquinaria,134,2023-01-25 07:23:00.0000000,0,
,<empty>,,Ganchos para guantes,"GANCHOS. para guantes de trabajo, azul,",Maquinaria,999,2023-01-25 07:23:00.0000000,0,
,<empty>,,Mascarilla FFP1,"MASCARILLA. antipartículas, s/válvula, FFP1",Maquinaria,2104,2023-01-25 07:23:00.0000000,0,
,<empty>,,Mascarilla quirúrgica,"MASCARILLA. quirúrgica, s/latex, s/fibra de vidrio, 3 capas, con gomas, azul",Maquinaria,156,2023-01-25 07:23:00.0000000,0,
,<empty>,,Mascarilla autofiltrante FFP2,"MASCARILLA. autofiltrante, desechable, plegada, c/válvula, blanca, FFP2",Maquinaria,1271,2023-01-25 07:23:00.0000000,0,
,<empty>,,Mascarilla para partículas FFP2,"MASCARILLA. para partículas, con válvula, FFP2",Maquinaria,484,2023-01-25 07:23:00.0000000,0,
,<empty>,,Mascarilla antivapores,"MASCARILLA. antivapores, media máscara reutilizable, 6100, pequeña",Maquinaria,2879,2023-01-25 07:23:00.0000000,1,1
,<empty>,,Filtro mascarilla,"FILTRO. para mascarilla, antivapores, serie 6100",Maquinaria,1900,2023-01-25 07:23:00.0000000,0,
,<empty>,,Cinta señalización subterránea,"CINTA. señalización, subterránea, con texto: ""Atencion tuberia agua"", 15cmx200m, galga 300",Maquinaria,1809,2023-01-25 07:23:00.0000000,0,
,<empty>,,Almohadilla,"ALMOHADILLA. alfombra, protección, rodillas",Maquinaria,2369,2023-01-25 07:23:00.0000000,0,
,<empty>,,Candado,"CANDADO. para bloqueo, clavija de enchufe, 488, rojo",Maquinaria,2499,2023-01-25 07:23:00.0000000,0,
,<empty>,,Cinta señalización eléctrica,"CINTA. de seguridad, conducción enterrada de tubos, señalización eléctrica, 15cmx250m",Maquinaria,4883,2023-01-25 07:23:00.0000000,1,
,<empty>,,Etiqueta de seguridad,"ETIQUETA. de seguridad, con ID y fotografía Danger Do Not Operate, 80x146mm",Maquinaria,3697,2023-01-25 07:23:00.0000000,0,
,<empty>,,Balizas amarillo/naranja,"BALIZAS. seÑalizadoras, led, (Pack de 2 balizas), amarillo/naranja",Maquinaria,2009,2023-01-25 07:23:00.0000000,1,
,<empty>,,Cinta de seguridad roja/blanca,"CINTA. de seguridad, señalización, prohibición, 7cmx250m, roja y blanca",Maquinaria,361,2023-01-25 07:23:00.0000000,2,
,<empty>,,"Cinta ""No pasar""","CINTA. de seguridad, señalización, prohibición, texto: ""No pasar"", 7cmx200m, roja/blanca",Maquinaria,28692,2023-01-25 07:23:00.0000000,0,
,<empty>,,Cartel señalización,"CARTEL. señalización, epis de obra, S21, multicolor, 500x900mm",Maquinaria,1198,2023-01-25 07:23:00.0000000,0,
,<empty>,,Rodillera,"RODILLERA. para exterior del pantalón, GEL KP30, negro",Maquinaria,1481,2023-01-25 07:23:00.0000000,0,
,<empty>,,Buzo XL,"BUZO. seguridad, químico, desechable, de plástico, tipo 5/6, talla XL, blanco",Maquinaria,532,2023-01-25 07:23:00.0000000,0,
,<empty>,,Buzo L,"BUZO. seguridad, químico, desechable, de plástico, tipo 5/6, talla L, blanco",Maquinaria,532,2023-01-25 07:23:00.0000000,0,
,<empty>,,Buzo M,"BUZO. seguridad, químico, desechable, de plástico, tipo 5/6, talla M, blanco",Maquinaria,532,2023-01-25 07:23:00.0000000,0,
,<empty>,,Pantalla seguridad,"PANTALLA. seguridad, visera, protector, policarbonato, transparente [FACE PROTECTION]",Maquinaria,1267,2023-01-25 07:23:00.0000000,11,4
,<empty>,,Portavisera,"PORTAVISERA. seguridad, soporte [VISOR HOLDER]",Maquinaria,973,2023-01-25 07:23:00.0000000,0,
,<empty>,,Cubregafas,"CUBREGAFAS. seguridad, transparente, nuevas 20m precio unidad",Maquinaria,20,2023-01-25 07:23:00.0000000,1,2
,<empty>,,RJ45 Conector,,Maquinaria,,2023-01-25 07:23:00.0000000,7,2
,<empty>,,Protectores conector RJ45,,Maquinaria,,2023-01-25 07:23:00.0000000,50,10
,<empty>,,"Brida 7,7x370",,Maquinaria,,2023-01-25 07:23:00.0000000,200,50
,<empty>,,Brida 4.5x160,,Maquinaria,,2023-01-25 07:23:00.0000000,200,50
,<empty>,,Enchufe base dos,Base enchufe doble blanca 077252E,Maquinaria,,2023-01-25 07:23:00.0000000,2,
,<empty>,BP30076,Caja estanca suelo,Parla,Maquinaria,,2023-01-25 07:23:00.0000000,1,
,<empty>,,Spray pintura roja,,Maquinaria,389,2023-01-25 07:23:00.0000000,1,
,<empty>,,"Cuchillas cutter 1,8mm",,Maquinaria,767,2023-01-25 07:23:00.0000000,10,5
,<empty>,,Cinta juntas 150m,,Maquinaria,298,2023-01-25 07:23:00.0000000,3,1
,<empty>,,Calzo 1mm,bolsa 300mm,Maquinaria,1870,2023-01-25 07:23:00.0000000,300,150
,<empty>,,Plástico burbuja,75m,Maquinaria,5508,2023-01-25 07:23:00.0000000,1,
,<empty>,,Pasta de juntas,,Maquinaria,4530,2023-01-25 07:23:00.0000000,3,1
,<empty>,,Pasta de agarre,,Maquinaria,755,2023-01-25 07:23:00.0000000,2,
,<empty>,,Placa yeso verde 13mm,,Maquinaria,1215,2023-01-25 07:23:00.0000000,5,
,<empty>,,Montante 70mm,,Maquinaria,381,2023-01-25 07:23:00.0000000,8,
,<empty>,,Canal sin pestañas 40mm,,Maquinaria,255,2023-01-25 07:23:00.0000000,3,
,<empty>,,Placa pladur 15mm,,Maquinaria,807,2023-01-25 07:23:00.0000000,11,
,<empty>,,Placa yeso verde 15mm,,Maquinaria,1430,2023-01-25 07:23:00.0000000,2,
,<empty>,,Butacas,Cajas de 4 butacas,Maquinaria,,2023-01-25 07:23:00.0000000,38,
,<empty>,,Moqueta,Cajas con varias unidades,Maquinaria,,2023-01-25 07:23:00.0000000,53,
,<empty>,,Paneles fonoabsorbentes,Cajas con varias unidades,Maquinaria,,2023-01-25 07:23:00.0000000,2,
,<empty>,,Mueble pequeño,,Maquinaria,,2023-01-25 07:23:00.0000000,3,
,<empty>,,Estantería pequeña,,Maquinaria,500,2023-01-25 07:23:00.0000000,1,
,<empty>,,Fregadero,,Maquinaria,500,2023-01-25 07:23:00.0000000,1,
,<empty>,,Estantería grande,,Maquinaria,13500,2023-01-25 07:23:00.0000000,3,
,<empty>,,Mueble publicaciones,,Maquinaria,,2023-01-25 07:23:00.0000000,2,
,<empty>,,Tablón de anuncios,,Maquinaria,,2023-01-25 07:23:00.0000000,2,
,<empty>,,Escritorio/mueble de sonido,,Maquinaria,,2023-01-25 07:23:00.0000000,4,
,<empty>,,Caja contribuciones,,Maquinaria,,2023-01-25 07:23:00.0000000,1,
,<empty>,,Test COVID,,Maquinaria,215,2023-01-25 07:23:00.0000000,40,
,<empty>,,Polvo trazador tiralíneas,,Maquinaria,,2023-01-25 07:23:00.0000000,1,
,<empty>,,Mascarillas FFP2,,Maquinaria,,2023-01-25 07:23:00.0000000,79,10
,<empty>,,Guantes negros de nitrilo,,Maquinaria,,2023-01-25 07:23:00.0000000,90,10
,<empty>,,Estropajo,,Maquinaria,129,2023-01-25 07:23:00.0000000,2,1
,<empty>,,Puntas atornilladora PH2,,Maquinaria,347,2023-01-25 07:23:00.0000000,5,1
,<empty>,,Puntas atornilladora PZ,,Maquinaria,347,2023-01-25 07:23:00.0000000,5,1
,<empty>,,Cinta de malla,,Maquinaria,601,2023-01-25 07:23:00.0000000,5,1
,<empty>,,Taco lija mediano,,Maquinaria,62,2023-01-25 07:23:00.0000000,3,
11111,<empty>,,3 en 1,,Maquinaria,563,2023-01-25 07:23:00.0000000,3,1
,<empty>,,Broca metal 13,"7,51 precio unidad",Maquinaria,15.020000457763672,2023-01-25 07:23:00.0000000,2,1
,<empty>,,"Broca metal 12,5","7,51 precio unidad",Maquinaria,15.020000457763672,2023-01-25 07:23:00.0000000,2,1
,<empty>,,Broca metal 12,"7,51 precio unidad",Maquinaria,15.020000457763672,2023-01-25 07:23:00.0000000,2,1
,<empty>,,"Broca metal 11,5","7,51 precio unidad",Maquinaria,15.020000457763672,2023-01-25 07:23:00.0000000,2,1
,<empty>,,Broca metal 11,"7,51 precio unidad",Maquinaria,15.020000457763672,2023-01-25 07:23:00.0000000,2,1
,<empty>,,"Broca metal 10,5","7,51 precio unidad",Maquinaria,15.020000457763672,2023-01-25 07:23:00.0000000,2,1
,<empty>,,Broca metal 10,"7,51 precio unidad",Maquinaria,15.020000457763672,2023-01-25 07:23:00.0000000,2,1
,<empty>,,"Broca metal 9,5","7,51 precio unidad",Maquinaria,15.020000457763672,2023-01-25 07:23:00.0000000,2,1
,<empty>,,Broca metal 9,"7,51 precio unidad",Maquinaria,15.020000457763672,2023-01-25 07:23:00.0000000,2,1
,<empty>,,"Broca metal 8,5","7,51 precio unidad",Maquinaria,15.020000457763672,2023-01-25 07:23:00.0000000,2,1
,<empty>,,Broca metal 8,"7,51 precio unidad",Maquinaria,15.020000457763672,2023-01-25 07:23:00.0000000,2,1
,<empty>,,"Broca metal 7,5","7,51 precio unidad",Maquinaria,15.020000457763672,2023-01-25 07:23:00.0000000,2,1
,<empty>,,Broca metal 7,"7,51 precio unidad",Maquinaria,15.020000457763672,2023-01-25 07:23:00.0000000,2,1
,<empty>,,"Broca metal 6,5","7,51 precio unidad",Maquinaria,15.020000457763672,2023-01-25 07:23:00.0000000,2,1
,<empty>,,Broca metal 6,"7,51 precio unidad",Maquinaria,15.020000457763672,2023-01-25 07:23:00.0000000,2,1
,<empty>,,"Broca metal 5,5","7,51 precio unidad",Maquinaria,15.020000457763672,2023-01-25 07:23:00.0000000,2,1
,<empty>,,Broca metal 5,"7,51 precio unidad",Maquinaria,15.020000457763672,2023-01-25 07:23:00.0000000,2,1
,<empty>,,"Broca metal 4,5","7,51 precio unidad",Maquinaria,15.020000457763672,2023-01-25 07:23:00.0000000,2,1
,<empty>,,Broca metal 4,"7,51 precio unidad",Maquinaria,15.020000457763672,2023-01-25 07:23:00.0000000,2,1
,<empty>,,"Broca metal 3,5","7,51 precio unidad",Maquinaria,15.020000457763672,2023-01-25 07:23:00.0000000,2,1
,<empty>,,Broca metal 3,"7,51 precio unidad",Maquinaria,15.020000457763672,2023-01-25 07:23:00.0000000,2,1
,<empty>,,"Broca metal 2,5","7,51 precio unidad",Maquinaria,15.020000457763672,2023-01-25 07:23:00.0000000,2,1
,<empty>,,Broca metal 2,"7,51 precio unidad",Maquinaria,15.020000457763672,2023-01-25 07:23:00.0000000,2,1
,<empty>,,"Broca metal 1,5","7,51 precio unidad",Maquinaria,15.020000457763672,2023-01-25 07:23:00.0000000,2,1
,<empty>,,Broca metal 1,"7,51 precio unidad",Maquinaria,15.020000457763672,2023-01-25 07:23:00.0000000,2,1
,<empty>,,"Tornillo tirafondo M6 (4,9x40)",,Maquinaria,312,2023-01-25 07:23:00.0000000,50,100
,<empty>,,Tapones silicona,,Maquinaria,,2023-01-25 07:23:00.0000000,1,
,<empty>,,"Tornillo pladur 3,5x35",,Maquinaria,,2023-01-25 07:23:00.0000000,1000,200
,<empty>,,Taco lija fino,,Maquinaria,,2023-01-25 07:23:00.0000000,1,
,<empty>,,Taco lija largo,,Maquinaria,,2023-01-25 07:23:00.0000000,1,1
,<empty>,,Taco lija 60,,Maquinaria,,2023-01-25 07:23:00.0000000,3,1
,<empty>,,Esponja,,Maquinaria,231,2023-01-25 07:23:00.0000000,3,1
,<empty>,,Taco lija 100,,Maquinaria,,2023-01-25 07:23:00.0000000,5,1
,<empty>,,Papel para rodapiés,Rollo,Maquinaria,358,2023-01-25 07:23:00.0000000,8,1
,<empty>,,Cinta carrocero 24x45,,Maquinaria,,2023-01-25 07:23:00.0000000,12,2
,<empty>,,Varilla soldadura 30% plata,,Maquinaria,,2023-01-25 07:23:00.0000000,10,2
,<empty>,,Varilla soldadura 5% plata,,Maquinaria,,2023-01-25 07:23:00.0000000,10,2
,<empty>,,Guantes trabajo talla 7,"Caja de 12 pares 1,91precio unidad",Maquinaria,15.279999732971191,2023-01-25 07:23:00.0000000,8,12
,<empty>,,Malla electrosoldada 1x5m,,Maquinaria,1757,2023-01-25 07:23:00.0000000,5,
,<empty>,,Mortero seco 25kg,,Maquinaria,197,2023-01-25 07:23:00.0000000,3,
,<empty>,,Kit adhesivo,Bote de endurecedor,Maquinaria,14641,2023-01-25 07:23:00.0000000,1,
,<empty>,,Calzos para cristal 24x10mm,Cubo de 300 unidades,Maquinaria,,2023-01-25 07:23:00.0000000,300,300
,<empty>,,Limpiador PVC,Lata 500ml,Maquinaria,,2023-01-25 07:23:00.0000000,3,
,<empty>,,Spray blanco RAL 9010,,Maquinaria,,2023-01-25 07:23:00.0000000,1,
,<empty>,,Cartucho de gas,,Maquinaria,,2023-01-25 07:23:00.0000000,4,
,<empty>,,Cinta embalar marrón,,Maquinaria,,2023-01-25 07:23:00.0000000,4,2
,<empty>,,Bridas extra largas,Paquetes,Maquinaria,,2023-01-25 07:23:00.0000000,2,
,<empty>,,"Bridas blancas 7,6x540",Paquete,Maquinaria,,2023-01-25 07:23:00.0000000,1,
,<empty>,,"Bridas 7,5x370mm",Paquetes,Maquinaria,,2023-01-25 07:23:00.0000000,3,
,<empty>,,Guantes nitrilo y algodón,,Maquinaria,,2023-01-25 07:23:00.0000000,8,
,<empty>,,Cinta clima neto,,Maquinaria,,2023-01-25 07:23:00.0000000,1,
,<empty>,,"Tornillo placa-placa 4,8x35",,Maquinaria,485,2023-01-25 07:23:00.0000000,1700,100
,<empty>,,"Cable gris 1,5mm",Rollo,Maquinaria,1982,2023-01-25 07:23:00.0000000,1,
,<empty>,,Cable flexible gris 6mm,,Maquinaria,8400,2023-01-25 07:23:00.0000000,1,
,<empty>,,Cable flexible tierra 6mm,,Maquinaria,8400,2023-01-25 07:23:00.0000000,1,
,<empty>,,Imprimación,,Maquinaria,4261,2023-01-25 07:23:00.0000000,1,
,<empty>,,Precerco,,Maquinaria,1450,2023-01-25 07:23:00.0000000,2,
,<empty>,,Cubrezapatos impermeable,,Maquinaria,,2023-01-25 07:23:00.0000000,100,20
,<empty>,,"Tornillos pladur 3,5x25",1 caja de 1000 y otra de 25,Maquinaria,,2023-01-25 07:23:00.0000000,1025,25
,<empty>,,"Tornillos pladur 3,5x35",1 caja de 1000,Maquinaria,,2023-01-25 07:23:00.0000000,1000,25
,<empty>,,"Tornillos pladur 3,5x45",1 caja de 500,Maquinaria,,2023-01-25 07:23:00.0000000,500,25
,<empty>,,"Roscachapa 3,5x35",Caja de 1000,Maquinaria,,2023-01-25 07:23:00.0000000,250,25
,<empty>,,"Placa-placa 4,8x35",2 Caja de 1000,Maquinaria,,2023-01-25 07:23:00.0000000,1700,100
,<empty>,,Roscachapa 5.5x63 (con arandela),,Maquinaria,,2023-01-25 07:23:00.0000000,40,15
,<empty>,,Roscachapa 4.8x38 (con arandela),,Maquinaria,,2023-01-25 07:23:00.0000000,48,15
,<empty>,,Roscachapa 5.5x32,Caja de 50,Maquinaria,,2023-01-25 07:23:00.0000000,50,15
,<empty>,,Roscachapa 4.8x25,Caja de 80 unidades. Con arandela estampada vulcanizada de acero-EPDM,Maquinaria,,2023-01-25 07:23:00.0000000,80,15
,<empty>,,Silicona de poliuretano,Color Blanco,Maquinaria,,2023-01-25 07:23:00.0000000,6,
,<empty>,,Pintura spray naranja fluorescente,"PINTURA. spray, 500ml, T143, naranja fluorescente",Maquinaria,851,2023-01-25 07:23:00.0000000,0,2
,<empty>,,Pintura spray naranja fluorescente,"PINTURA. spray, 500ml, T143, naranja fluorescente",Maquinaria,851,2023-01-25 07:23:00.0000000,0,2
,<empty>,,Pintura spray roja fluorescente,,Maquinaria,478,2023-01-25 07:23:00.0000000,2,
,<empty>,,Disco lijadora P240,Paquete x15,Maquinaria,1156,2023-01-25 07:23:00.0000000,1,
,<empty>,,Disco lijadora P180,Paquete x15,Maquinaria,1156,2023-01-25 07:23:00.0000000,1,
,<empty>,,Grasa Hilti,,Maquinaria,,2023-01-25 07:23:00.0000000,2,
,<empty>,,Broca cerámica 6mm,,Maquinaria,451,2023-01-25 07:23:00.0000000,1,
,<empty>,,Broca cerámica 5mm,,Maquinaria,451,2023-01-25 07:23:00.0000000,1,
,<empty>,,Broca porcelánico 6mm,,Maquinaria,2064,2023-01-25 07:23:00.0000000,1,
,<empty>,,Broca porcelánico 5mm,,Maquinaria,1840,2023-01-25 07:23:00.0000000,1,
,<empty>,,Consumibles varios,3 cajas de moqueta,Maquinaria,,2023-01-25 07:23:00.0000000,37,
,<empty>,,Materiales varios salón Getafe,1 fichero,Maquinaria,,2023-01-25 07:23:00.0000000,100,
,<empty>,,Consumibles varios Hilario Sangrador,2 cajas de perfiles,Maquinaria,,2023-01-25 07:23:00.0000000,4,
,<empty>,,Tapajuntas ventana Medina de Pomar,1 caja de tapajuntas ventanas,Maquinaria,,2023-01-25 07:23:00.0000000,1,
,<empty>,,Cable gris 2.5mm,,Maquinaria,,2023-01-25 07:23:00.0000000,1,
,<empty>,,Lechada gris,Sacos 5kg,Maquinaria,,2023-01-25 07:23:00.0000000,6,
,<empty>,,Lechada blanca,Sacos 5kg,Maquinaria,,2023-01-25 07:23:00.0000000,10,
,<empty>,,Mascarilla FFP3 con válvula,Cajas de 5 unidades,Maquinaria,,2023-01-25 07:23:00.0000000,6,1
,<empty>,,Cable de datos Televés,,Maquinaria,,2023-01-25 07:23:00.0000000,1,
,<empty>,,Alambre,Rollo,Maquinaria,,2023-01-25 07:23:00.0000000,1,
,<empty>,,Cinta antideslizante,,Maquinaria,,2023-01-25 07:23:00.0000000,1,
,<empty>,,Cinta armada,,Maquinaria,,2023-01-25 07:23:00.0000000,1,
,<empty>,,Masilla especial Promade,,Maquinaria,,2023-01-25 07:23:00.0000000,2,
,<empty>,,Esmalte acrílico,,Maquinaria,,2023-01-25 07:23:00.0000000,1,
,<empty>,,Pintura RAL 9016 12L,Lata de 12 litros,Maquinaria,,2023-01-25 07:23:00.0000000,1,
,<empty>,,Anclaje químico,,Maquinaria,,2023-01-25 07:23:00.0000000,2,
,<empty>,,Silicona multiusos Patex,,Maquinaria,,2023-01-25 07:23:00.0000000,6,
,<empty>,,Silicona 7070 Denbrouen,,Maquinaria,,2023-01-25 07:23:00.0000000,3,
,<empty>,,Silicona paredes y grietas,Patex,Maquinaria,,2023-01-25 07:23:00.0000000,15,
,<empty>,,Sellador adhesivo poliuretano,Bostik,Maquinaria,,2023-01-25 07:23:00.0000000,5,
,<empty>,,Montakit Ceys,,Maquinaria,,2023-01-25 07:23:00.0000000,12,
,<empty>,,Sellador madera,,Maquinaria,,2023-01-25 07:23:00.0000000,3,
,<empty>,,Silicona madera y parquet,,Maquinaria,,2023-01-25 07:23:00.0000000,1,
,<empty>,,Cola para pavimentos vinílicos,,Maquinaria,,2023-01-25 07:23:00.0000000,2,
,<empty>,,Pintura de tejas,,Maquinaria,,2023-01-25 07:23:00.0000000,1,
,<empty>,,Rollo junta de cepillo autoadhesiva,10 metros,Maquinaria,,2023-01-25 07:23:00.0000000,1,
,<empty>,,Tacos pistola de tiros,,Maquinaria,,2023-01-25 07:23:00.0000000,186,
,<empty>,,"Roscachapa 4,8x63",Caja a la mitad,Maquinaria,,2023-01-25 07:23:00.0000000,1,
,<empty>,,"Tornillo autotaladrante 3,5x35",Caja naranja a la mitad,Maquinaria,,2023-01-25 07:23:00.0000000,500,100
,<empty>,,Anclaje hormigón HUS 3-H6,Hilti,Maquinaria,,2023-01-25 07:23:00.0000000,81,
,<empty>,,Anclaje hormigón HUS3-I6,Caja con más de la mitad,Maquinaria,,2023-01-25 07:23:00.0000000,1,
,<empty>,,Tornillo bicromatado 60x100,2 cajas,Maquinaria,,2023-01-25 07:23:00.0000000,100,40
,<empty>,,Anclaje hormigón HUS-6,Caja con más de la mitad,Maquinaria,,2023-01-25 07:23:00.0000000,1,
,<empty>,,Pintura RAL 9016 4L,Lata de 4L,Maquinaria,,2023-01-25 07:23:00.0000000,5,
,<empty>,,Pintura antihumedad,Bote a la mitad,Maquinaria,,2023-01-25 07:23:00.0000000,1,
,<empty>,,Preparación fijación base agua 15L,Lata 15L,Maquinaria,,2023-01-25 07:23:00.0000000,2,
,<empty>,,Imprimación acrílica,Lata 15L,Maquinaria,,2023-01-25 07:23:00.0000000,1,
,<empty>,,Revestimiento,Lata 15L,Maquinaria,,2023-01-25 07:23:00.0000000,1,
,<empty>,,Aceite de desencofrado,Lata 25L,Maquinaria,,2023-01-25 07:23:00.0000000,1,
,<empty>,,Rollo micro,,Maquinaria,,2023-01-25 07:23:00.0000000,1,
,<empty>,,Luces emergencia,,Maquinaria,,2023-01-25 07:23:00.0000000,6,
,<empty>,,Contador,,Maquinaria,,2023-01-25 07:23:00.0000000,1,
,<empty>,,Caja de clima,Contiene productos varios,Maquinaria,,2023-01-25 07:23:00.0000000,1,
,<empty>,,Caja fontanería,Contiene varias cosas aparentemente usadas de fontanería,Maquinaria,,2023-01-25 07:23:00.0000000,1,
,<empty>,,Caja material eléctrico (cuadro eléctrico),,Maquinaria,,2023-01-25 07:23:00.0000000,1,
,<empty>,,Caja perfilería,,Maquinaria,,2023-01-25 07:23:00.0000000,1,
,<empty>,,Vinagre de limpieza,,Maquinaria,,2023-01-25 07:23:00.0000000,10,
,<empty>,,Rejilla ventilación Hilario Sangrador,,Maquinaria,,2023-01-25 07:23:00.0000000,1,
,<empty>,,Caja amarilla con piezas de fontanería,,Maquinaria,,2023-01-25 07:23:00.0000000,1,
,<empty>,,Pulsador automático persiana Medina de Pomar,,Maquinaria,,2023-01-25 07:23:00.0000000,1,
,<empty>,,Caja rosa con piezas varias,,Maquinaria,,2023-01-25 07:23:00.0000000,1,
,<empty>,,Caja cosas varias Salón del Reino Getafe,Mando monitor,Maquinaria,,2023-01-25 07:23:00.0000000,1,
,<empty>,,Monitor,,Maquinaria,,2023-01-25 07:23:00.0000000,1,
,<empty>,,Bombillas,,Maquinaria,,2023-01-25 07:23:00.0000000,2,
,<empty>,,Sensores movimiento,,Maquinaria,,2023-01-25 07:23:00.0000000,8,
,<empty>,,Fibra polipropileno,,Maquinaria,,2023-01-25 07:23:00.0000000,3,
,<empty>,,Caja tubos PVC,Recortes varios tubos PVC,Maquinaria,,2023-01-25 07:23:00.0000000,1,
,<empty>,,TE 20-16-16,,Maquinaria,,2023-01-25 07:23:00.0000000,4,
,<empty>,,TE 20-20-16,,Maquinaria,,2023-01-25 07:23:00.0000000,6,
,<empty>,,TE Uponor 20,,Maquinaria,,2023-01-25 07:23:00.0000000,13,
,<empty>,,TE llave 25-25-25,,Maquinaria,,2023-01-25 07:23:00.0000000,3,1
,<empty>,,Reducción 3/4 x 1/2,,Maquinaria,,2023-01-25 07:23:00.0000000,7,
,<empty>,,Manguito latón 3/4,,Maquinaria,,2023-01-25 07:23:00.0000000,6,
,<empty>,,Escobas,,Maquinaria,,2023-01-25 07:23:00.0000000,6,
,<empty>,,Recogedor,,Maquinaria,,2023-01-25 07:23:00.0000000,1,
,<empty>,,Cubo fregona,,Maquinaria,,2023-01-25 07:23:00.0000000,1,
,<empty>,,Fregona,,Maquinaria,,2023-01-25 07:23:00.0000000,2,
,<empty>,,Pin clavadora (peq),"0,6 x 30",Maquinaria,,2023-01-25 07:23:00.0000000,18000,20000
,<empty>,,Pin clavadora (gran.),Cabeza 2 mm x 40,Maquinaria,,2023-01-25 07:23:00.0000000,0,20000
,<empty>,,Disco milhojas 60,,Maquinaria,,2023-01-25 07:23:00.0000000,4,1
,<empty>,,Limpiador componentes eléctricos,,Maquinaria,,2023-01-25 07:23:00.0000000,1,
,<empty>,,Guantes riesgo químico M,,Maquinaria,,2023-01-25 07:23:00.0000000,1,
,<empty>,,Guantes riesgo químico 9/L,,Maquinaria,,2023-01-25 07:23:00.0000000,1,
,<empty>,,Disco porcelánico 125mm,,Maquinaria,,2023-01-25 07:23:00.0000000,1,
,<empty>,,Llaves fontanería,,Maquinaria,,2023-01-25 07:23:00.0000000,5,
,<empty>,,Bolsa piezas fontanería,"Bolsa con piezas varias de fontanería como racores, machones, etc.",Maquinaria,,2023-01-25 07:23:00.0000000,1,
,<empty>,,Manguito 25,,Maquinaria,,2023-01-25 07:23:00.0000000,15,5
,<empty>,,TE 25,,Maquinaria,,2023-01-25 07:23:00.0000000,15,5
,<empty>,,Manguitos 25,,Maquinaria,,2023-01-25 07:23:00.0000000,15,5
,<empty>,,Manguitos 20-16,,Maquinaria,,2023-01-25 07:23:00.0000000,1,1
,<empty>,,Tapón 20 1/2,,Maquinaria,,2023-01-25 07:23:00.0000000,6,1
,<empty>,,Anillos azules 20,,Maquinaria,,2023-01-25 07:23:00.0000000,32,10
,<empty>,,Anillos azules 16,,Maquinaria,,2023-01-25 07:23:00.0000000,77,10
,<empty>,,Anillos azules 25,,Maquinaria,,2023-01-25 07:23:00.0000000,5,1
,<empty>,,Manguitos 20,,Maquinaria,,2023-01-25 07:23:00.0000000,19,5
,<empty>,,Codo 16,,Maquinaria,,2023-01-25 07:23:00.0000000,12,5
,<empty>,,Bolsa codos,Bolsa codos grises grandes de Carlos,Maquinaria,,2023-01-25 07:23:00.0000000,1,1
,<empty>,,Piezas sanitario,Piezas sueltas del sanitario del Salón de Getafe,Maquinaria,,2023-01-25 07:23:00.0000000,1,1
,<empty>,,"Señal ""no pisar""","SeÑal ""no pisar suelo mojado""",Maquinaria,,2023-01-25 07:23:00.0000000,1,1
,<empty>,,Tubos PVC,,Maquinaria,,2023-01-25 07:23:00.0000000,5,1
,<empty>,,Tablas de madera,,Maquinaria,,2023-01-25 07:23:00.0000000,5,1
,<empty>,,Canaletas,,Maquinaria,,2023-01-25 07:23:00.0000000,4,1
,<empty>,,Mina portamarcador Clima,,Maquinaria,,2023-01-25 07:23:00.0000000,10,3
,<empty>,,Varilla M6,Longitud 1 m,Maquinaria,,2023-01-25 07:23:00.0000000,0,10
,<empty>,,Rollo EPDM,,Maquinaria,,2023-01-25 07:23:00.0000000,2,
,<empty>,,Corrugado 40,3 rollos pequeños,Maquinaria,,2023-01-25 07:23:00.0000000,3,1
,<empty>,,Cable manguera verde 3x6,"17,94m",Maquinaria,,2023-01-25 07:23:00.0000000,1,
,<empty>,,Manguera marrón 1x6,,Maquinaria,,2023-01-25 07:23:00.0000000,1,
,<empty>,,Manguera gris 1x6,,Maquinaria,,2023-01-25 07:23:00.0000000,1,
,<empty>,,"Cable manguera 3x1,5","3,76 + 1,97 + 2,51 + 4,22 + 3,46 + 1,30 + 2,93",Maquinaria,,2023-01-25 07:23:00.0000000,4,
,<empty>,,"Cable 1x1,6","3,09 + 1,28 + 3,32 + 3,52",Maquinaria,,2023-01-25 07:23:00.0000000,4,
,<empty>,,Rollo cable altavoces,,Maquinaria,,2023-01-25 07:23:00.0000000,1,
,<empty>,,Tubería plástica Pex,,Maquinaria,,2023-01-25 07:23:00.0000000,4,
,<empty>,,Canaletas blancas,,Maquinaria,,2023-01-25 07:23:00.0000000,2,
,<empty>,MB 23 14,Hoja sierra sable metal,"9"" 14TPI",Maquinaria,,2023-01-25 07:23:00.0000000,5,2
,<empty>,10-14 TPI,Hoja sierra sable universal,"23 - 9""",Maquinaria,,2023-01-25 07:23:00.0000000,5,2
,<empty>,SP 28 14/18,Hoja sierra de cinta,Ref. 2270471,Maquinaria,,2023-01-25 07:23:00.0000000,3,1
,<empty>,,Suelo,Cajas de suelo,Maquinaria,,2023-01-25 07:23:00.0000000,52,
,<empty>,,Falso techo,Cajas,Maquinaria,,2023-01-25 07:23:00.0000000,7,
,<empty>,,Tablón de anuncios,,Maquinaria,,2023-01-25 07:23:00.0000000,2,
,<empty>,,Mueble publicaciones,,Maquinaria,,2023-01-25 07:23:00.0000000,2,
,<empty>,,Estantería grande,,Maquinaria,,2023-01-25 07:23:00.0000000,3,
,<empty>,,Fregadero,,Maquinaria,,2023-01-25 07:23:00.0000000,1,
,<empty>,,Estantería pequeña,,Maquinaria,,2023-01-25 07:23:00.0000000,1,
,<empty>,,Mueble pequeño,,Maquinaria,,2023-01-25 07:23:00.0000000,3,
,<empty>,,Fichero,Pertenece a la congregación de Getafe,Maquinaria,,2023-01-25 07:23:00.0000000,1,
,<empty>,,Atril,,Maquinaria,,2023-01-25 07:23:00.0000000,3,
,<empty>,,Impresora,Pertenece al salón de Getafe,Maquinaria,,2023-01-25 07:23:00.0000000,1,
,<empty>,,Caja schneider electric,,Maquinaria,,2023-01-25 07:23:00.0000000,1,
,<empty>,,Palet con productos de limpieza,Pertenece al salón de Getafe,Maquinaria,,2023-01-25 07:23:00.0000000,1,
,<empty>,,Cajas con materiales diversos de electricidad,Pertenece al salón de Getafe,Maquinaria,,2023-01-25 07:23:00.0000000,8,
,<empty>,,Pantalla enrollable,,Maquinaria,,2023-01-25 07:23:00.0000000,1,
,<empty>,,Mesa redonda,,Maquinaria,,2023-01-25 07:23:00.0000000,1,
,<empty>,,Barandilla baño,,Maquinaria,,2023-01-25 07:23:00.0000000,2,
,<empty>,,Puertas madera,,Maquinaria,,2023-01-25 07:23:00.0000000,3,
,<empty>,,Monitor pequeño,,Maquinaria,,2023-01-25 07:23:00.0000000,2,
,<empty>,,Soporte monitor grande,,Maquinaria,,2023-01-25 07:23:00.0000000,2,
,<empty>,,Ventana con cristal,,Maquinaria,,2023-01-25 07:23:00.0000000,4,
,<empty>,,Lavabo doble,,Maquinaria,,2023-01-25 07:23:00.0000000,1,
,<empty>,,Inodoro,,Maquinaria,,2023-01-25 07:23:00.0000000,2,
,<empty>,,Aspiradora,Pertenece a la congregación de Getafe,Maquinaria,,2023-01-25 07:23:00.0000000,3,
,<empty>,,Monitor,,Maquinaria,,2023-01-25 07:23:00.0000000,1,
,<empty>,,Caja herramienta,,Maquinaria,,2023-01-25 07:23:00.0000000,1,
,<empty>,,Mueble madera,,Maquinaria,,2023-01-25 07:23:00.0000000,6,
,<empty>,,Caja con artículos de limpieza,,Maquinaria,,2023-01-25 07:23:00.0000000,1,
,<empty>,,Caja con utensilios de cocina,,Maquinaria,,2023-01-25 07:23:00.0000000,1,
,<empty>,,Rodapié,,Maquinaria,,2023-01-25 07:23:00.0000000,9,
,<empty>,,Kit puerta corredera,,Maquinaria,,2023-01-25 07:23:00.0000000,1,
,<empty>,,Espejo abatible,,Maquinaria,,2023-01-25 07:23:00.0000000,1,
,<empty>,,Cajas clima,,Maquinaria,,2023-01-25 07:23:00.0000000,13,
,<empty>,,Rejilla larga,,Maquinaria,,2023-01-25 07:23:00.0000000,4,
,<empty>,,Soportes monitores pequeños,,Maquinaria,,2023-01-25 07:23:00.0000000,2,
,<empty>,,Lavabo,,Maquinaria,,2023-01-25 07:23:00.0000000,1,
,<empty>,,Tubo flexible 315,,Maquinaria,,2023-01-25 07:23:00.0000000,1,
,<empty>,,Tubo flexible 203,,Maquinaria,,2023-01-25 07:23:00.0000000,1,
,<empty>,,Caja con manguitos y soportes,,Maquinaria,,2023-01-25 07:23:00.0000000,1,
,<empty>,,Rejilla ventilación cuadrada,,Maquinaria,,2023-01-25 07:23:00.0000000,4,
,<empty>,,Rejilla ventilación rectangular,,Maquinaria,,2023-01-25 07:23:00.0000000,4,
,<empty>,,Tubo flexible 165,,Maquinaria,,2023-01-25 07:23:00.0000000,1,
,<empty>,,Reducción 400-200,,Maquinaria,,2023-01-25 07:23:00.0000000,1,
,<empty>,,Rejilla retorno cuadrada,,Maquinaria,,2023-01-25 07:23:00.0000000,1,
,<empty>,,Azulejo,Cajas,Maquinaria,,2023-01-25 07:23:00.0000000,27,
,<empty>,,Valla,,Maquinaria,,2023-01-25 07:23:00.0000000,5,
,<empty>,,Pie de valla,,Maquinaria,,2023-01-25 07:23:00.0000000,5,
,<empty>,,Tubo fontanería blanco,,Maquinaria,,2023-01-25 07:23:00.0000000,3,
,<empty>,,Tubo PVC,Medidas varias,Maquinaria,,2023-01-25 07:23:00.0000000,10,
,<empty>,,Tubo soldar,,Maquinaria,,2023-01-25 07:23:00.0000000,4,
,<empty>,,Omega,,Maquinaria,,2023-01-25 07:23:00.0000000,1,
,<empty>,,Esquinero,,Maquinaria,,2023-01-25 07:23:00.0000000,6,
,<empty>,,Canaleta blanca,4 anchas y 2 estrechas,Maquinaria,,2023-01-25 07:23:00.0000000,6,
,<empty>,,Losas,Losas sueltas usadas,Maquinaria,,2023-01-25 07:23:00.0000000,2,
,<empty>,,Huevera,Rollos,Maquinaria,,2023-01-25 07:23:00.0000000,3,
,<empty>,,Rodapié,Cajas y algunas piezas sueltas,Maquinaria,,2023-01-25 07:23:00.0000000,28,
,<empty>,,Perfiles de 60,,Maquinaria,,2023-01-25 07:23:00.0000000,1,
,<empty>,,Perfiles secundarios,,Maquinaria,,2023-01-25 07:23:00.0000000,1,
,<empty>,,Reducción,,Maquinaria,,2023-01-25 07:23:00.0000000,1,
,<empty>,,Caja pequeña,,Maquinaria,,2023-01-25 07:23:00.0000000,1,
,<empty>,,Inodoro,,Maquinaria,,2023-01-25 07:23:00.0000000,6,
,<empty>,,Tapa de cisterna,,Maquinaria,,2023-01-25 07:23:00.0000000,4,
,<empty>,,Papelera grande,,Maquinaria,,2023-01-25 07:23:00.0000000,1,
,<empty>,,Papelera pequeña,,Maquinaria,,2023-01-25 07:23:00.0000000,1,
,<empty>,,Porta papel higiénico,,Maquinaria,,2023-01-25 07:23:00.0000000,3,
,<empty>,,Jabonera,,Maquinaria,,2023-01-25 07:23:00.0000000,2,
,<empty>,,Grifo,,Maquinaria,,2023-01-25 07:23:00.0000000,3,
,<empty>,,Caja con accesorios de Hilario,Reloj,Maquinaria,,2023-01-25 07:23:00.0000000,1,
,<empty>,,Encimera lavabo,,Maquinaria,,2023-01-25 07:23:00.0000000,2,
,<empty>,,Cambiador de bebés,,Maquinaria,,2023-01-25 07:23:00.0000000,1,
,<empty>,,Lavabo,,Maquinaria,,2023-01-25 07:23:00.0000000,3,
,<empty>,,Extintor,,Maquinaria,,2023-01-25 07:23:00.0000000,0,
,<empty>,,Chova,2 paquetes completos y algunas piezas sueltas,Maquinaria,,2023-01-25 07:23:00.0000000,2,
,<empty>,,Porta vasos,,Maquinaria,,2023-01-25 07:23:00.0000000,2,
,<empty>,,Porta papel de manos,,Maquinaria,,2023-01-25 07:23:00.0000000,2,
,<empty>,,Caja con útiles de cocina,2 termos,Maquinaria,,2023-01-25 07:23:00.0000000,1,
,<empty>,,Barril azul,,Maquinaria,,2023-01-25 07:23:00.0000000,2,
,<empty>,,Fibra de polipropileno,1 bolsa entera y 1 empezada,Maquinaria,,2023-01-25 07:23:00.0000000,1,
,<empty>,,Esparto,En rollos,Maquinaria,,2023-01-25 07:23:00.0000000,3,
,<empty>,,Caja con baldas estantería blanca (Getafe),,Maquinaria,,2023-01-25 07:23:00.0000000,2,
,<empty>,,Moqueta,Arenas de San Pedro,Maquinaria,,2023-01-25 07:23:00.0000000,12,
,<empty>,,Moqueta,Sobrante de Getafe,Maquinaria,,2023-01-25 07:23:00.0000000,9,
,<empty>,,Suelo,Arenas de San Pedro,Maquinaria,,2023-01-25 07:23:00.0000000,32,
,<empty>,,Caja con cableado electricidad (Ferretería),"Cable 2,5mm negro",Maquinaria,,2023-01-25 07:23:00.0000000,1,
,<empty>,,Caja negra con cableado,Cable negro 1x10mm 11m (4),Maquinaria,,2023-01-25 07:23:00.0000000,1,
,<empty>,,Caja con cableado electricidad (Ferretería),Bote gel pasacables,Maquinaria,,2023-01-25 07:23:00.0000000,1,
,<empty>,,Caja con tejas para devolver,,Maquinaria,,2023-01-25 07:23:00.0000000,1,
,<empty>,,Huevera,1 rollo largo,Maquinaria,,2023-01-25 07:23:00.0000000,1,
,<empty>,,Malla de fibra de vidrio pintura,Rollo,Maquinaria,,2023-01-25 07:23:00.0000000,2,
,<empty>,,Carretilla,,Maquinaria,,2023-01-25 07:23:00.0000000,1,
,<empty>,,Cemento gris,Sacos,Maquinaria,,2023-01-25 07:23:00.0000000,3,
,<empty>,,Saco azul de arena,,Maquinaria,,2023-01-25 07:23:00.0000000,1,
,<empty>,,Caja de cableado variado,,Maquinaria,,2023-01-25 07:23:00.0000000,1,
,<empty>,,Carpa,Patas de la carpa en la bolsa de rayas,Maquinaria,,2023-01-25 07:23:00.0000000,1,
,<empty>,,Rodapié melamina negro,Piezas anchas,Maquinaria,,2023-01-25 07:23:00.0000000,2,
,<empty>,,Barandilla,,Maquinaria,,2023-01-25 07:23:00.0000000,1,
,<empty>,,Premarco,Paquetes con varias piezas de 90x35,Maquinaria,,2023-01-25 07:23:00.0000000,2,
,<empty>,,Canaleta blanca plástico,Piezas de diferentes tamaños,Maquinaria,,2023-01-25 07:23:00.0000000,9,
,<empty>,,Rodapié de madera/tapajuntas,,Maquinaria,,2023-01-25 07:23:00.0000000,12,
,<empty>,,Yeso,Saco,Maquinaria,,2023-01-25 07:23:00.0000000,1,
,<empty>,,Mortero de enfoscado hidrofugado,Sacos,Maquinaria,,2023-01-25 07:23:00.0000000,12,
,<empty>,,Sika MonoTop 4200 multi flow,Saco,Maquinaria,,2023-01-25 07:23:00.0000000,1,
,<empty>,,Baldosas suelo exterior,Tibet Beige,Maquinaria,,2023-01-25 07:23:00.0000000,7,
,<empty>,,Cajas con tela de rafia,,Maquinaria,,2023-01-25 07:23:00.0000000,4,
,<empty>,,Placas de techo,Paquetes,Maquinaria,,2023-01-25 07:23:00.0000000,2,
,<empty>,,Lechada Fugabella color 25,,Maquinaria,,2023-01-25 07:23:00.0000000,5,
,<empty>,,Cable coaxial blanco FC75,,Maquinaria,,2023-01-25 07:23:00.0000000,1,
,<empty>,,Lechada Fugabella eco porcelana 0-5,Están abiertos y empezados,Maquinaria,,2023-01-25 07:23:00.0000000,2,
,<empty>,,Mueble indefinido,Paquetes (4),Maquinaria,,2023-01-25 07:23:00.0000000,1,
,<empty>,,Ladrillos,,Maquinaria,,2023-01-25 07:23:00.0000000,41,
,<empty>,,Pie de valla,,Maquinaria,,2023-01-25 07:23:00.0000000,7,
,<empty>,,Fuente de agua,,Maquinaria,,2023-01-25 07:23:00.0000000,1,
,<empty>,,H40 GEL,,Maquinaria,,2023-01-25 07:23:00.0000000,150,
,<empty>,,CINTA verde-amarillo,"Cinta: aislante,electricidad 19mmx20m",Maquinaria,,2023-01-25 07:23:00.0000000,0,3
,<empty>,,DISCO: milhojas,"DISCO: milhojas, desbaste, 125",Maquinaria,,2023-01-25 07:23:00.0000000,0,
,<empty>,,PUNTA: ph1,ATORNILLADORA: PH1 atornilladora,Maquinaria,,2023-01-25 07:23:00.0000000,0,1
,<empty>,,PUNTA: PH2,PUNTA: PH2 atornilladora,Maquinaria,,2023-01-25 07:23:00.0000000,0,1
,<empty>,,PUNTA: PZ1,PUNTA: PZ1 atornilladora,Maquinaria,,2023-01-25 07:23:00.0000000,0,1
,<empty>,,PUNTA: PZ2,PUNTA: PZ2 atornilladora,Maquinaria,,2023-01-25 07:23:00.0000000,0,
,<empty>,,PUNTA: ALLEN HEX3,PUNTA: atornilladora allen HEX3,Maquinaria,,2023-01-25 07:23:00.0000000,0,1
,<empty>,,PUNTA: ALLEN HEX4,PUNTA: atornilladora Allen HEX4,Maquinaria,,2023-01-25 07:23:00.0000000,0,1
,<empty>,,PUNTA: ALLEN HEX5,PUNTA: atornilladora Allen HEX5,Maquinaria,,2023-01-25 07:23:00.0000000,0,1
,<empty>,,PUNTA:TORX TX10,PUNTA: atornilladora Torx TX10,Maquinaria,,2023-01-25 07:23:00.0000000,0,1
,<empty>,,"PUNTA: TORX, TX15","PUNTA: atornilladora Torx, TX15",Maquinaria,,2023-01-25 07:23:00.0000000,0,1
,<empty>,,"PUNTA: TORX, TX20","PUNTA: atornilladora Torx, TX20",Maquinaria,,2023-01-25 07:23:00.0000000,0,1
,<empty>,,"PUNTA: TORX, TX25","PUNTA: atornilladora Torx, TX25",Maquinaria,,2023-01-25 07:23:00.0000000,0,1
,<empty>,,"PUNTA: S-SY PH2, 116mm","PUNTA: destornilladora, pladur, S-SY. PH2, 1/2, 116mm",Maquinaria,,2023-01-25 07:23:00.0000000,0,1
,<empty>,,"PUNTA: SL-6, 5/16 30mm","PUNTA: destornilladora, plana SL-6 5/16, 30mm",Maquinaria,,2023-01-25 07:23:00.0000000,0,1
,<empty>,,"PUNTA: SL-8 , 5/16, 30mm","PUNTA: destornilladora, plana, SL-8, 5/16, 30mm",Maquinaria,,2023-01-25 07:23:00.0000000,0,1
,<empty>,,"PUNTA: SL-10, 5/16, 30mm","PUNTA: destornilladora, plana, SL-10, 5/16, 30mm",Maquinaria,,2023-01-25 07:23:00.0000000,0,1
,<empty>,,BROCA: taladro 6x120mm,"BROCA: taladro, percusión SDS Plus TE-CX 6x120mm",Maquinaria,,2023-01-25 07:23:00.0000000,0,1
,<empty>,,BROCA: taladro 8x120mm,"BROCA: taladro , percusión SDS Plus, TE-CX 8x120mm",Maquinaria,,2023-01-25 07:23:00.0000000,0,1
,<empty>,,Guantes talla 9,"caja de 12 pares 1,91 precio unidad",Maquinaria,47.75,2023-01-25 07:23:00.0000000,25,12
,<empty>,Hermeticas,Gafas hermeticas,"Gafas de buceo 22,23 precio unidad",Maquinaria,44.459999084472656,2023-01-25 07:23:00.0000000,2,2
,<empty>,,Cubregafas seguridad usadas.,"transparente, 5,99 precio unidad",Maquinaria,11.979999542236328,2023-01-25 07:23:00.0000000,2,1
,<empty>,,Kit broca metal 1-13,,Maquinaria,,2023-01-25 07:23:00.0000000,2,1
,<empty>,,Broca de madera 4,"6,37 precio unidad",Maquinaria,12.739999771118164,2023-01-25 07:23:00.0000000,2,1
,<empty>,,Broca de madera 5,"6,37 precio unidad",Maquinaria,12.739999771118164,2023-01-25 07:23:00.0000000,2,
,<empty>,,Broca de madera 6,"6,37 precio unidad",Maquinaria,12.739999771118164,2023-01-25 07:23:00.0000000,2,1
,<empty>,,Broca de madera 8,"6,37 precio unidad",Maquinaria,12.739999771118164,2023-01-25 07:23:00.0000000,2,1
,<empty>,,Broca de madera 10,"6,37 precio unidad",Maquinaria,12.739999771118164,2023-01-25 07:23:00.0000000,2,1
,<empty>,,"Kit Broca de madera 4,5,6,8,10","precio Kit entero 31,85",Maquinaria,,2023-01-25 07:23:00.0000000,2,
,<empty>,,Broca para taladro TE-C 8/16 MP8,"brocas para hormigón. 5,02 precio unidad",Maquinaria,35.13999938964844,2023-01-25 07:23:00.0000000,7,5
,<empty>,,Broca para taladro TE-C 6/16 MP8,"brocas para hormigón. 5,02 precio unidad",Maquinaria,25.100000381469727,2023-01-25 07:23:00.0000000,5,5
,<empty>,,Broca para taladro 5/16 MP8,"brocas para hormigón. 5,83 precio unidad",Maquinaria,40.810001373291016,2023-01-25 07:23:00.0000000,7,5
,<empty>,,Broca para metal 5mm,"2,44 precio unidad",Maquinaria,2.440000057220459,2023-01-25 07:23:00.0000000,1,
,<empty>,,"Broca para metal 6,5mm","3,74 precio unidad",Maquinaria,3.740000009536743,2023-01-25 07:23:00.0000000,1,
,<empty>,,"Broca para metal 8,5mm","7,61 precio unidad",Maquinaria,15.220000267028809,2023-01-25 07:23:00.0000000,2,
,<empty>,,"Broca de metal 7,5mm","3,91 precio unidad",Maquinaria,3.9100000858306885,2023-01-25 07:23:00.0000000,1,
,<empty>,SDS-PLUS,Broca para taladro 14mm,"broca para hormigon 250x300mm 7,50 precio unidad",Maquinaria,7.5,2023-01-25 07:23:00.0000000,1,1
,<empty>,Extreme,Broca de taladro 16mm,"broca de hormigón 250x300mm 8,00 precio unidad",Maquinaria,8,2023-01-25 07:23:00.0000000,1,1
,<empty>,,Broca para taladro 12mm,"broca de hormigón  150x200 3,25 precio unidad",Maquinaria,3.25,2023-01-25 07:23:00.0000000,1,1
,<empty>,Extreme,Broca para taladro,"Broca de hormigón. 250x300mm 4,00 precio unidad",Maquinaria,4,2023-01-25 07:23:00.0000000,1,1
,<empty>,Extreme,Broca para taladro 10mm,"Broca de hormigón. 150x200.4,50 precio unidad",Maquinaria,9,2023-01-25 07:23:00.0000000,2,1
,<empty>,Extreme,Broca para taladro 10mm,"Broca de hormigón.200x260mm 4,00 precio unidad",Maquinaria,8,2023-01-25 07:23:00.0000000,2,1
,<empty>,Premium,"Broca para taladro TE-C 8/21 MP8 ","Broca de hormigón 150mm. 7,15 precio unidad",Maquinaria,42.900001525878906,2023-01-25 07:23:00.0000000,6,1
,<empty>,Premium,Broca para taladrbTE-C 6/21 MP8,"Broca de hormigón 150mm. 6,81 precio unidad",Maquinaria,27.239999771118164,2023-01-25 07:23:00.0000000,4,1
,<empty>,,Broca de metal 6mm,"2,36 precio unidad",Maquinaria,4.71999979019165,2023-01-25 07:23:00.0000000,2,0
