2323132,Hilti,SF 6H-A22,Atornilladora,"Atornilladora percutora a batería de 22V con control activo del par y mandril electrónico para uso universal en madera, metal, mamposteria y otros materiales. ",Maquinaria,0.31,4,2023-01-23 09:35:00.0000000
,Bellota,PRA 30G,Control remoto/ Receptor Láser,"accesorio láser",Accesorios,3,612,2023-01-23 09:35:00.0000000
,Stanley,Tylon 1-30-697,Metro 5mx19,,Herramientas de mano,0.02,5,2023-01-23 09:35:00.0000000
,Stanley,Tylon 1-30-697,Metro 5mx19,,Herramientas de mano,0.02,5,2023-01-23 09:35:00.0000000
0000975,Stanley,Tylon 1-30-697,Metro 5mx19,,Herramientas de mano,0.2,5,2023-01-23 09:35:00.0000000
,Stanley,,Metro 5mx25,,Herramientas de mano,0.02,5,2023-01-23 09:35:00.0000000
,Stanley,Taylon 1-30-657,Metro 8mx25,,Herramientas de mano,0.038,9,2023-01-23 09:35:00.0000000
344535435,Stanley,Taylon 1-30-657,Metro 8mx25,,Herramientas de mano,0.038,9,2023-01-23 09:35:00.0000000
,<empty>,5m,Metro Magnet naranja,,Herramientas de mano,0.03,7,2023-01-23 09:35:00.0000000
56345354,<empty>,3 m,Metro Magnet naranja,,Herramientas de mano,0.03,7,2023-01-23 09:35:00.0000000
10099,<empty>,,Escuadra Vola 30cm,,Herramientas de mano,0.02,6,2023-01-23 09:35:00.0000000
,<empty>,JAR 20 mts.,Tiralíneas,,Herramientas de mano,0.015,6,2023-01-23 09:35:00.0000000
,<empty>,JAR 20 mts.,Tiralíneas,,Herramientas de mano,0.015,6,2023-01-23 09:35:00.0000000
,<empty>,Vola 1mt,Nivel magnético amarillo,,Herramientas de mano,0.03,21,2023-01-23 09:35:00.0000000
00001208,<empty>,Stanley,Nivel magnético gris,,Herramientas de mano,0,0,2023-01-23 09:35:00.0000000
111111,Bellota,Bellota 6001-250,Tenaza,,Herramientas de mano,0.4,15,2023-01-23 09:35:00.0000000
10065,Mannesmann,,Llave combinada fija 22,,Herramientas de mano,0.15,10,2023-01-23 09:35:00.0000000
10066,Mannesmann,,Llave combinada fija 19,,Herramientas de mano,0.15,9,2023-01-23 09:35:00.0000000
10067,Mannesmann,,Llave combinada fija 18,,Herramientas de mano,0.15,7,2023-01-23 09:35:00.0000000
10068,Mannesmann,,Llave combinada fija 17,,Herramientas de mano,0.15,7,2023-01-23 09:35:00.0000000
10069,Mannesmann,,Llave combinada fija 16,,Herramientas de mano,0.15,7,2023-01-23 09:35:00.0000000
10070,Mannesmann,,Llave combinada fija 15,,Herramientas de mano,0.15,7,2023-01-23 09:35:00.0000000
10071,Mannesmann,,Llave combinada fija 14,,Herramientas de mano,0.15,7,2023-01-23 09:35:00.0000000
11931,Mannesmann,,Llave combinada fija 13,,Herramientas de mano,0.15,7,2023-01-23 09:35:00.0000000
10073,Mannesmann,,Llave combinada fija 12,,Herramientas de mano,0.15,7,2023-01-23 09:35:00.0000000
10074,Mannesmann,,Llave combinada fija 11,,Herramientas de mano,0.15,7,2023-01-23 09:35:00.0000000
11935,Mannesmann,,Llave combinada fija 10,,Herramientas de mano,0.15,6,2023-01-23 09:35:00.0000000
10076,Mannesmann,,Llave combinada fija 8,,Herramientas de mano,0.15,6,2023-01-23 09:35:00.0000000
,<empty>,,Juego llaves Allen navaja 7 ud,,Herramientas de mano,0.02,12,2023-01-23 09:35:00.0000000
10096,<empty>,,Juego Llaves Torx navaja 8 ud,,Fontanería,0.2,11,2023-01-23 09:35:00.0000000
10226,Stanley,Fatmax 84-540,Llave Inglesa,,Herramientas de mano,0.68,14,2023-01-23 09:35:00.0000000
11788,<empty>,Bruder Mannesman 10937,Alicate universal 180mm,,Herramientas de mano,0.03,7,2023-01-23 09:35:00.0000000
11795,<empty>,Bruder Mannesmann 10956,Alicate de corte 160mm,,Herramientas de mano,0.03,7,2023-01-23 09:35:00.0000000
11786,<empty>,Bruder Mannesmann 10946,Alicate de corte diagonal 160mm,,Herramientas de mano,0.03,7,2023-01-23 09:35:00.0000000
,Bellota,Bellota 5932-A C.F,"Alcotana hacha pala, mango de fibra",,Maquinaria,0.05,24,2023-01-23 09:35:00.0000000
,Bellota,Bellota 5308-B,Maceta mango fibra,,Maquinaria,0.15,19,2023-01-23 09:35:00.0000000
,Bellota,Bellota 5308-B,Maceta mango fibra,,Maquinaria,0.15,19,2023-01-23 09:35:00.0000000
,Bellota,Pentrilo,Rodillo aireador polietileno 24cm,,Maquinaria,0.03,16,2023-01-23 09:35:00.0000000
,Bellota,Bellota 8053-500,Maceta goma negra,,Maquinaria,0.05,11,2023-01-23 09:35:00.0000000
,Bellota,Bellota 5842-H BIM,Paleta punta redonda mango fibra,,Maquinaria,0.03,17,2023-01-23 09:35:00.0000000
,Bellota,Bellota 5842-H BIM,Paleta punta redonda mango fibra,,Maquinaria,0.03,17,2023-01-23 09:35:00.0000000
,Bellota,Bellota 5844-A BIM,Paleta cuadrada mango fibra,,Maquinaria,0.04,20,2023-01-23 09:35:00.0000000
,Bellota,Bellota 5844-A BIM,Paleta cuadrada mango fibra,,Maquinaria,0.04,20,2023-01-23 09:35:00.0000000
,<empty>,,Cincel plano 300mm con protección,,Maquinaria,0.05,8,2023-01-23 09:35:00.0000000
,<empty>,,Cincel plano 250mm con protección,,Maquinaria,0.05,6,2023-01-23 09:35:00.0000000
,Bellota,5875-10,Llana dentada 48cm,"480 x 135 x 80 mm. Mango de madera.",Maquinaria,0.08,14,2023-01-23 09:35:00.0000000
,Bellota,5861-1,Llana recta metálica,"Llana recta 300x150mm. Mango de madera",Maquinaria,0.04,11,2023-01-23 09:35:00.0000000
,Bellota,5861-1,Llana recta metálica,"Llana recta metálica 300x150mm. Mango de madera",Maquinaria,0.04,11,2023-01-23 09:35:00.0000000
,Bellota,5883,Llana caucho lechar,"Llana caucho lechar 225x100mm",Maquinaria,0.01,7,2023-01-23 09:35:00.0000000
,Rub?,10607,Llana caucho lechar,"Llana caucho lechar 225x100mm",Maquinaria,0.04,11,2023-01-23 09:35:00.0000000
,Rub?,10607,Llana caucho lechar,"Llana caucho lechar 225x100mm",Maquinaria,0.04,11,2023-01-23 09:35:00.0000000
,Rubi,65984,Llana dentada 28cm,"Llana dentada con mango madera y dientes 8x8.",Albañilería,0.2,9,2023-01-23 09:35:00.0000000
,Rubi,Rubi F02596,Tenaza cuñas Rubi,,Albañilería,0.3,20,2023-01-23 09:35:00.0000000
,Rubi,,Tenaza cuñas Dakota,,Albañilería,0.3,20,2023-01-23 09:35:00.0000000
11904,Stanley,FMHTO-20559,Mini serrucho con funda,,Pladur,0.02,15,2023-01-23 09:35:00.0000000
11894,Novipro,,Mini serrucho bimateria,,Pladur,0.02,12,2023-01-23 09:35:00.0000000
11997,Stanley,FATMAX 2-14-563,Tijera corta-chapa corte recto,,Pladur,0.4,10,2023-01-23 09:35:00.0000000
111119,Stanley,FATMAX 2-14-563,Tijera corta-chapa corte recto,,Pladur,0.4,14,2023-01-23 09:35:00.0000000
10109,Novipro,,"Escofina 250mm ",,Pladur,0.02,17,2023-01-23 09:35:00.0000000
10476,Stanley,Stanley 5-21-122,Escofina 3105mm,,Pladur,0.04,20,2023-01-23 09:35:00.0000000
11773,Bellota,Bellota 5894-150,Espátula inox 150mm,,Pladur,0.02,14,2023-01-23 09:35:00.0000000
11770,Bellota,Bellota 5894-150,Espátula inox 150mm,,Pladur,0.02,14,2023-01-23 09:35:00.0000000
,Stanley,STHTO-05935,Espátula estrecha 400mm,,Pladur,0.03,9,2023-01-23 09:35:00.0000000
,Stanley,STHTO-05935,Espátula estrecha 400mm,,Pladur,0.03,9,2023-01-23 09:35:00.0000000
,Novipro,Vallés,Espátula emplastecer inox. 152mm con punta,,Pladur,0.03,6,2023-01-23 09:35:00.0000000
,Novipro,Vallés,Espátula emplastecer inox. 152mm con punta,,Pladur,0.03,6,2023-01-23 09:35:00.0000000
,Novipro,Vallés,"Espátula emplastecer inox. 150mm, mango goma",,Pladur,0.03,7,2023-01-23 09:35:00.0000000
,Novipro,Vallés,"Espátula emplastecer inox. 150mm, mango goma",,Pladur,0.03,7,2023-01-23 09:35:00.0000000
,<empty>,Stanley,Gaveta inoxidable 300x120mm,,Pladur,0.05,19,2023-01-23 09:35:00.0000000
,<empty>,Stanley,Gaveta inoxidable 300x120mm,,Pladur,0.05,19,2023-01-23 09:35:00.0000000
,Novipro,,Espátula enlucir inox. 200mm,,Pladur,0.04,9,2023-01-23 09:35:00.0000000
,Novipro,,Espátula enlucir inox. 200mm,,Pladur,0.04,9,2023-01-23 09:35:00.0000000
,Novipro,,Espátula enlucir inox. 200mm,,Pladur,0.04,9,2023-01-23 09:35:00.0000000
,Novipro,,Espátula enlucir inox. 200mm,,Pladur,0.04,9,2023-01-23 09:35:00.0000000
,Novipro,,Espátula enlucir inox. 200mm,,Pladur,0.04,9,2023-01-23 09:35:00.0000000
,Novipro,,Espátula enlucir inox. 200mm,,Pladur,0.04,9,2023-01-23 09:35:00.0000000
,Novipro,,Espátula enlucir inox. 150mm,,Pladur,0.04,13,2023-01-23 09:35:00.0000000
,Novipro,,Espátula enlucir inox. 150mm,,Pladur,0.04,13,2023-01-23 09:35:00.0000000
,Novipro,,Espátula enlucir inox. 150mm,,Pladur,0.04,13,2023-01-23 09:35:00.0000000
,Novipro,,Espátula enlucir inox. 150mm,,Pladur,0.04,13,2023-01-23 09:35:00.0000000
,Novipro,,Espátula enlucir inox. 150mm,,Pladur,0.04,13,2023-01-23 09:35:00.0000000
11908,Novipro,,Espátula enlucir inox. 150mm,,Pladur,0.04,13,2023-01-23 09:35:00.0000000
11916,Novipro,,Llana enlucir inox. 300X150mm,,Pladur,0.05,11,2023-01-23 09:35:00.0000000
11909,Novipro,,Espátula enlucir inox. 300X150mm,,Pladur,0.05,11,2023-01-23 09:35:00.0000000
,Novipro,,Espátula enlucir inox. 300X150mm,,Pladur,0.05,11,2023-01-23 09:35:00.0000000
,Novipro,,Espátula enlucir inox. 300X150mm,,Pladur,0.05,11,2023-01-23 09:35:00.0000000
,<empty>,,Espátula emplastecer inox. rulo 14cm,,Pladur,0.03,7,2023-01-23 09:35:00.0000000
10439,Climaver,,Grapadora,,Clima,0.07,36,2023-01-23 09:35:00.0000000
111034,Climaver,,Grapadora,,Clima,0.07,36,2023-01-23 09:35:00.0000000
10438,Climaver,,Grapadora,,Clima,0.07,36,2023-01-23 09:35:00.0000000
11779,Climaver,,Grapadora,,Clima,0.07,36,2023-01-23 09:35:00.0000000
10308,Climaver,,Cuchillo Climaver,,Clima,0.02,11,2023-01-23 09:35:00.0000000
111032,Climaver,,Cuchillo Climaver,,Clima,0.02,11,2023-01-23 09:35:00.0000000
10444,Climaver,,Cuchillo Climaver,,Clima,0.02,11,2023-01-23 09:35:00.0000000
10443,Climaver,,Cuchillo Climaver,,Clima,0.02,11,2023-01-23 09:35:00.0000000
111200,Climaver,,Espátula Climaver,,Clima,0.01,2,2023-01-23 09:35:00.0000000
111201,Climaver,,Espátula Climaver,,Clima,0.01,2,2023-01-23 09:35:00.0000000
111202,Climaver,,Espátula Climaver,,Clima,0.01,2,2023-01-23 09:35:00.0000000
,Climaver,,Espátula Climaver,,Clima,0.01,2,2023-01-23 09:35:00.0000000
,Climaver,,Espátula Climaver,,Clima,0.01,2,2023-01-23 09:35:00.0000000
,Climaver,,Espátula Climaver,,Clima,0.01,2,2023-01-23 09:35:00.0000000
,<empty>,,"Muelle curva-tubos 1/2""",,Clima,0.02,10,2023-01-23 09:35:00.0000000
,<empty>,,"Muelle curva-tubos 3/8""",,Clima,0.02,11,2023-01-23 09:35:00.0000000
00001030,Rothenberger,Minicut 2000,Cortatubos para cobre 3-22mm,,Fontanería,0.1,10,2023-01-23 09:35:00.0000000
,Rothenberger,,Rebabador con mango de plástico,,Clima,0.01,25,2023-01-23 09:35:00.0000000
,Rothenberger,,Doblatubos,"Doblatubos especial splits para tubería de cobre 1/4"", 3/8"" y 1/2""",Clima,0.1,140,2023-01-23 09:35:00.0000000
,<empty>,,Abocardador de golpe,"Punzón para 1/2"", 5/8"" y 7/8""",Clima,0.04,15,2023-01-23 09:35:00.0000000
,Rothenberger,,Tenaza curva-tubos 15mm,,Clima,0.04,85,2023-01-23 09:35:00.0000000
,<empty>,Value OXYVFT808IN,Abocardador excéntrico en blister,,Clima,0.01,35,2023-01-23 09:35:00.0000000
,<empty>,,"Cortatubos Value 1/8""-1 1/8""",,Fontanería,0.01,11,2023-01-23 09:35:00.0000000
10419,Testo,Testo SE & Co. KGaA,Manómetro digital,"Analizador de refrigeración para puestas en marcha, mantenimiento y reparaciones, con bloque de válvulas de 4 vías y medición de vacío integrada.",Clima,0.04,600,2023-01-23 09:35:00.0000000
00001091,<empty>,Escofred BE-2-VV,Bomba de vacío,,Clima,0.12,300,2023-01-23 09:35:00.0000000
00001152,<empty>,,Juego de 3 mangueras,"Juego de 3 mangueras 1500mm 5/16""x1/4""",Clima,0.04,65,2023-01-23 09:35:00.0000000
,<empty>,,"Conexión rápida shut-off 1/4""","Conexión rápida shut-off 1/4""SAE macho-hembra",Clima,0.01,40,2023-01-23 09:35:00.0000000
,<empty>,,"Conexión rápida shut-off 5/16""","Conexión rápida shut-off 5/16""SAE macho-hembra R410A",Clima,0.01,40,2023-01-23 09:35:00.0000000
,<empty>,Bruder Manesmann,Picoloro 250 DIN8976 (mango verde),,Maquinaria,0.05,15,2023-01-23 09:35:00.0000000
11930,<empty>,Super Ego 1651-12-240,"Picoloro 240mm-10"" (mango rojo)",,Fontanería,0.5,28,2023-01-23 09:35:00.0000000
10433,<empty>,Super EGO 50,Tijera cortatubos pvc,,Fontanería,0.06,100,2023-01-23 09:35:00.0000000
111074,Milwaukee,C12 PXP-I06202C,Expandidora batería PEX,"Dispone de los siguientes cabezales: 16mm, 20mm, 25mm y 32mm",Maquinaria,2,800,2023-01-23 09:35:00.0000000
,<empty>,,Piedra para afilar,,Maquinaria,0.04,2,2023-01-23 09:35:00.0000000
11780,Bahco,Stillson,"Llave grifa 300mm-12""",,Fontanería,0.6,31,2023-01-23 09:35:00.0000000
0000958,Bahco,Stillson,"Llave grifa 350mm-14""",,Fontanería,0.6,25,2023-01-23 09:35:00.0000000
,<empty>,,Ingletadora manual,,Maquinaria,0.03,10,2023-01-23 09:35:00.0000000
10252,<empty>,Sofamel SF-42,Crimpadora,"Crimpadora punteras huecas 0.25-6mm",Electricidad,0.04,108,2023-01-23 09:35:00.0000000
,<empty>,Dogher 296-006,Tijera electricista 145MM,,Electricidad,0.02,11,2023-01-23 09:35:00.0000000
,<empty>,Intercable 16020-F,Tijera electricista (con funda),,Electricidad,0.02,25,2023-01-23 09:35:00.0000000
,Knipex,Knipex 90 05 155,Tijera electricista (con funda),,Electricidad,0.02,22,2023-01-23 09:35:00.0000000
11967,Mannesmann,Bruder 10606 160,Pelacables 160mm,,Electricidad,0.02,15,2023-01-23 09:35:00.0000000
10231,<empty>,,"Tenaza pelacables (tipo tijera, naranja con muelle)",,Electricidad,0.01,3,2023-01-23 09:35:00.0000000
11799,Irimo,624v-160-1,Alicate de corte 160mm aislado 1000V,,Electricidad,0.03,17,2023-01-23 09:35:00.0000000
11992,Mannesmann,Bruder,Alicate de corte 160mm aislado 1000V,,Electricidad,0.03,20,2023-01-23 09:35:00.0000000
11782,Irimo,601V-180,"Alicate universal 180mm, aislado 1000V",,Electricidad,0.03,20,2023-01-23 09:35:00.0000000
10085,Mannesmann,Bruder 10603,Alicate aislado en punta 160mm,,Electricidad,0.02,11,2023-01-23 09:35:00.0000000
10495,Irimo,612V-200,Alicate aislado en punta 200mm,,Electricidad,0.02,11,2023-01-23 09:35:00.0000000
,<empty>,BM-RS,Buscapolos 125-250V,,Electricidad,0.01,15,2023-01-23 09:35:00.0000000
,<empty>,BM-RS,Destornillador plano aislado 6x125,,Electricidad,0.02,10,2023-01-23 09:35:00.0000000
,Stanley,65-413,"Destornillador plano aislado 5,5x150",,Electricidad,0.02,10,2023-01-23 09:35:00.0000000
11932,<empty>,Wiha 3201,Destornillador plano aislado 4X100,,Electricidad,0.02,10,2023-01-23 09:35:00.0000000
,<empty>,Wiha 3201,"Destornillador plano aislado 3,5X100",,Electricidad,0.02,10,2023-01-23 09:35:00.0000000
,<empty>,BM-RS,"Destornillador plano aislado 5,5X100",,Electricidad,0.02,10,2023-01-23 09:35:00.0000000
11979,Stanley,65-410,"Destornillador plano aislado 2,5X50",,Electricidad,0.02,10,2023-01-23 09:35:00.0000000
10243,Stanley,65-411,"Destornillador plano aislado 3,5x75",,Electricidad,0.02,10,2023-01-23 09:35:00.0000000
,<empty>,BM-RS,"Destornillador plano aislado 5,5X125",,Electricidad,0.02,10,2023-01-23 09:35:00.0000000
11972,Stanley,65-415,Destornillador estrella aislado PH1x100,,Electricidad,0.2,12,2023-01-23 09:35:00.0000000
,Stanley,65-416,Destornillador estrella aislado PH2x125,,Electricidad,0.02,12,2023-01-23 09:35:00.0000000
11953,<empty>,Wiha 3211,Destornillador estrella aislado PH2x100,,Electricidad,0.2,12,2023-01-23 09:35:00.0000000
11974,<empty>,Wiha 3211,Destornillador estrella aislado PH1x80,,Electricidad,0.2,12,2023-01-23 09:35:00.0000000
,<empty>,BM-RS 11214,Destornillador estrella aislado PH0x75,,Electricidad,0.02,12,2023-01-23 09:35:00.0000000
,<empty>,BM-RS,Destornillador estrella aislado PH1x75,,Electricidad,0.02,12,2023-01-23 09:35:00.0000000
111115,<empty>,,"Destornillador pequeño amarillo estrella aislado PH2x0,30",,Electricidad,0.1,8,2023-01-23 09:35:00.0000000
,<empty>,BM-RS,Destornillador estrella aislado PH2x100,,Electricidad,0.02,12,2023-01-23 09:35:00.0000000
11973,<empty>,Wiha 3281,Destornillador aislado SL/PZZX100,,Electricidad,0.2,12,2023-01-23 09:35:00.0000000
,Stanley,65-416,Destornillador estrella PH2x125mm,,Electricidad,0.02,6,2023-01-23 09:35:00.0000000
11986,<empty>,,Destornillador estrella PH3X125 (naranja/gris),,Herramientas de mano,0.2,8,2023-01-23 09:35:00.0000000
11964,<empty>,,"Destornillador estrella PH2,5x50mm",,Herramientas de mano,0.02,8,2023-01-23 09:35:00.0000000
10083,Stanley,,"Destornillador estrella PH3x75mm ",,Herramientas de mano,0.02,8,2023-01-23 09:35:00.0000000
11966,<empty>,Reydoz Crom-van,Destornillador plano 6x100,,Herramientas de mano,0.02,9,2023-01-23 09:35:00.0000000
,<empty>,HERNN +,Destornillador plano 3X75,,Herramientas de mano,0.02,8,2023-01-23 09:35:00.0000000
,<empty>,,"Destornillador plano 3,5X75",,Herramientas de mano,0.02,5,2023-01-23 09:35:00.0000000
11717,Irazola,1070,Destornillador plano 5X125,,Herramientas de mano,0.02,8,2023-01-23 09:35:00.0000000
,<empty>,TUMAN,Tenaza rusa mango rojo,,Herramientas de mano,0.05,29,2023-01-23 09:35:00.0000000
,<empty>,,Juego de llaves Allen sueltas,,Herramientas de mano,0.01,5,2023-01-23 09:35:00.0000000
10442,<empty>,50471,Soplete profesional Barrene 05 17,,Fontanería,0.7,100,2023-01-23 09:35:00.0000000
,<empty>,,Tester con pinza Limit 20,,Electricidad,0.03,40,2023-01-23 09:35:00.0000000
,<empty>,CP31-750,Lijadora de pared telescópica,"Lijadora de pared telescópica de 225 mm. con regulación y empuñadura ergonómica.",Maquinaria,0.42,156,2023-01-23 09:35:00.0000000
00001214,<empty>,710015,Pasacables nylon 3mm,"15m Blanco",Electricidad,0.02,7,2023-01-23 09:35:00.0000000
00001213,<empty>,Profer H25,Pasacables nylon 3mm,"25m Blanco",Electricidad,0.02,10,2023-01-23 09:35:00.0000000
,<empty>,BIZ 230 115,"Candado con asa de Nylon, rojo",,Seguridad,0.01,17,2023-01-23 09:35:00.0000000
,<empty>,BIZ 230 115,"Candado con asa de Nylon, rojo",,Seguridad,0.01,17,2023-01-23 09:35:00.0000000
,<empty>,BIZ 230 115,"Candado con asa de Nylon, rojo",,Seguridad,0.01,17,2023-01-23 09:35:00.0000000
,<empty>,BIZ 230 115,"Candado con asa de Nylon, rojo",,Seguridad,0.01,17,2023-01-23 09:35:00.0000000
,<empty>,BIZ 230 115,"Candado con asa de Nylon, rojo",,Seguridad,0.01,17,2023-01-23 09:35:00.0000000
,<empty>,BIZ 205 501,"Enclavamiento múltiple no conductor, hasta 6 candados",,Seguridad,0.01,10,2023-01-23 09:35:00.0000000
,<empty>,BIZ 205 501,"Enclavamiento múltiple no conductor, hasta 6 candados",,Seguridad,0.01,10,2023-01-23 09:35:00.0000000
,<empty>,BIZ 230 111,"Candado on asa de aluminio, rojo",,Seguridad,0.01,15,2023-01-23 09:35:00.0000000
,<empty>,BIZ 201 100,Bloqueo maneta universal,,Seguridad,0.01,5,2023-01-23 09:35:00.0000000
,<empty>,BIZ 201 101,Bloqueo maneta cierre exterior,,Seguridad,0.01,5,2023-01-23 09:35:00.0000000
,<empty>,BIZ 201 102,Bloqueo maneta cierre largo exterior,,Seguridad,0.01,5,2023-01-23 09:35:00.0000000
,<empty>,BIZ 201 203,Bloqueo maneta cierre interior,,Seguridad,0.01,5,2023-01-23 09:35:00.0000000
,<empty>,BIZ 201 105,Bloqueo seccionador,"24,1x25,4x56mm",Seguridad,0.01,10,2023-01-23 09:35:00.0000000
,<empty>,BIZ 201 106,Bloqueo seccionador,"40,3x55,2x82,6mm",Seguridad,0.01,10,2023-01-23 09:35:00.0000000
,<empty>,BIZ 205 501,"Enclavamiento múltiple no conductor, hasta 6 candados",,Seguridad,0.01,10,2023-01-23 09:35:00.0000000
,<empty>,Rapesco,"Caja fuerte portátil, 25cm negro",,Seguridad,0.115,18,2023-01-23 09:35:00.0000000
00001212,<empty>,,Pasacables trenza 4mm,"30m. Negro",Electricidad,0.04,113,2023-01-23 09:35:00.0000000
111210,<empty>,90x160cm,Delantal cuero vacuno gris,,Soldadura,0.3,9,2023-01-23 09:35:00.0000000
111211,<empty>,,Delantal cuero,,Soldadura,0.3,22,2023-01-23 09:35:00.0000000
,<empty>,SF20400,Mangas soldador vacuno gris hombro,,Soldadura,0.02,9,2023-01-23 09:35:00.0000000
,<empty>,,Mangas soldador gris,,Soldadura,0.02,9,2023-01-23 09:35:00.0000000
111212,<empty>,Forja 350 T/9,Guantes soldador 3L,,Soldadura,0.02,6,2023-01-23 09:35:00.0000000
10146,<empty>,ST0001.002093,Máscara soldadura Stayer AS RT,,Soldadura,0.03,37,2023-01-23 09:35:00.0000000
111079,<empty>,,Máscara soldadura Optimatic 100,,Soldadura,0.03,45,2023-01-23 09:35:00.0000000
10127,<empty>,,"Cepillo universal latonado 0,35 VIP 1000F",,Soldadura,0.02,2,2023-01-23 09:35:00.0000000
111086,<empty>,,"Cepillo universal latonado 0,35 VIP 1000F",,Soldadura,0.02,2,2023-01-23 09:35:00.0000000
,Rubi,F02807,Rascador juntas,,Albañilería,0.3,9,2023-01-23 09:35:00.0000000
,Rubi,F02807,Rascador juntas,,Albañilería,0.3,9,2023-01-23 09:35:00.0000000
,Desa,CH-PRO 300,Pistola silicona,,Acabados,0.05,16,2023-01-23 09:35:00.0000000
,Desa,CH-PRO 300,Pistola silicona,,Acabados,0.5,16,2023-01-23 09:35:00.0000000
10111,<empty>,Piher 3 100kg,Ventosa aluminio triple venal,,Acabados,0.5,40,2023-01-23 09:35:00.0000000
10110,<empty>,Piher 3 100kg,Ventosa aluminio triple venal,,Acabados,0.5,40,2023-01-23 09:35:00.0000000
10189,<empty>,,Formón ratio 20mm,,Acabados,0.3,5,2023-01-23 09:35:00.0000000
,<empty>,,Aplicador lock dots moqueta,,Acabados,0.04,76,2023-01-23 09:35:00.0000000
10246,<empty>,,Rodillo para EPDM,,Acabados,0.2,14,2023-01-23 09:35:00.0000000
11934,Quilosa,T026625,Pistola para espuma de poliuretano,,Acabados,0.3,10,2023-01-23 09:35:00.0000000
10056,Bellota,8050-32,Martillo Nylon para cristal,,Acabados,0.04,13,2023-01-23 09:35:00.0000000
,Bellota,Vallés 701011,Punzonadora perfil 1 mano,,Pladur,0.04,33,2023-01-23 09:35:00.0000000
,<empty>,,"Pistola silicona, aplicador anclaje indemol",,Acabados,0.05,20,2023-01-23 09:35:00.0000000
,Rothenberger,TP-25 60250,Bomba de comprobación manual,,Maquinaria,0.06,185,2023-01-23 09:35:00.0000000
,INDEX,Fixing systems,Pistola de silicona reforzada,,Acabados,0.05,11,2023-01-23 09:35:00.0000000
,<empty>,ETNA 80171,Arnés 2 puntos fijación,,Seguridad,0.1,32,2023-01-23 09:35:00.0000000
,<empty>,ETNA 80171,Arnés 2 puntos fijación,,Seguridad,0.1,32,2023-01-23 09:35:00.0000000
,Deltaplus,Elara130,Arnés 1 punto+cuerda,,Seguridad,0.1,33,2023-01-23 09:35:00.0000000
,Deltaplus,Elara190,Arnés 1 punto+absorbedor,,Seguridad,0.1,58,2023-01-23 09:35:00.0000000
,<empty>,Safetop 80227J,Cuerda doble con absorbedor + 2 mosquetones,,Seguridad,0.1,39,2023-01-23 09:35:00.0000000
,<empty>,Safetop 80227J,Cuerda doble con absorbedor + 2 mosquetones,,Seguridad,0.1,39,2023-01-23 09:35:00.0000000
,<empty>,Deltaplus LO0471,Cuerda arnés con mosquetones 1.50,,Seguridad,0.1,29,2023-01-23 09:35:00.0000000
,<empty>,Deltaplus LO0471,Cuerda arnés con mosquetones 1.50,,Seguridad,0.1,29,2023-01-23 09:35:00.0000000
,<empty>,Modelo 47,Cuerda arnés doble con absorbedor,,Seguridad,0.1,70,2023-01-23 09:35:00.0000000
,<empty>,Modelo 47,Cuerda arnés doble con absorbedor,,Seguridad,0.1,70,2023-01-23 09:35:00.0000000
,<empty>,,Paleta STOP-PASO,,Seguridad,0.05,14,2023-01-23 09:35:00.0000000
,<empty>,,Paleta STOP-PASO,,Seguridad,0.05,14,2023-01-23 09:35:00.0000000
,Rub?,Rubi 65915,"Rodilleras profesionales, negro",,Seguridad,0.03,19,2023-01-23 09:35:00.0000000
,Rub?,Rubi 65915,"Rodilleras profesionales, negro",,Seguridad,0.03,19,2023-01-23 09:35:00.0000000
,<empty>,Safetop Whisper 8300,Protector auditivo,,Seguridad,0.02,10,2023-01-23 09:35:00.0000000
,<empty>,Safetop Whisper 8300,Protector auditivo,,Seguridad,0.02,10,2023-01-23 09:35:00.0000000
,<empty>,Lt-100H,Dymo,,Accesorios,50,34,2023-01-23 09:35:00.0000000
10414,<empty>,Aibecy,Lector de códigos inalámbrico,,Accesorios,0.04,42,2023-01-23 09:35:00.0000000
,<empty>,ZJchao,Reloj de pared Led,,Accesorios,0.1,58,2023-01-23 09:35:00.0000000
,Deltaplus,Gicnac2,Botas de agua talla 42,,Seguridad,0.12,20,2023-01-23 09:35:00.0000000
,Deltaplus,Gicnac2,Botas de agua talla 43,,Seguridad,0.12,20,2023-01-23 09:35:00.0000000
,Deltaplus,Gicnac2,Botas de agua talla 44,,Seguridad,0.12,20,2023-01-23 09:35:00.0000000
,Deltaplus,Gicnac2,Botas de agua talla 45,,Seguridad,0.12,20,2023-01-23 09:35:00.0000000
,<empty>,Wesser 1308253,Alargadera 25m,,Alargos,0.15,31,2023-01-23 09:35:00.0000000
,<empty>,Wesser 13008263,Alargadera 50m,,Alargos,0.15,38,2023-01-23 09:35:00.0000000
,<empty>,Asein,Alargadera c/tapa 40m,,Alargos,0.15,66,2023-01-23 09:35:00.0000000
,<empty>,Solera 7425/1,Alargadera 25m,,Alargos,0.15,56,2023-01-23 09:35:00.0000000
,Hilti,PUA55,Regla Graduada,"Altura ajustable entre 1,31 y 2,42 m, con escala cuadriculada en cm. Altura máxima 2,40 m.",Accesorios,0.08,283,2023-01-23 09:35:00.0000000
10025,Hilti,PRA81,Transportador de cotas,"accesorio láser",Accesorios,0.03,100,2023-01-23 09:35:00.0000000
,<empty>,,Maceta (mango amarillo),,Albañilería,0.1,5,2023-01-23 09:35:00.0000000
111048,<empty>,,Martillo profesional 20mm,,Albañilería,0.4,10,2023-01-23 09:35:00.0000000
,Nusac,,Patacabra,"22x800mm",Herramientas de mano,0.1,22,2023-01-23 09:35:00.0000000
111088,Bellota,Bellota 6009-600,Cortavarillas,,Herramientas de mano,0.25,85,2023-01-23 09:35:00.0000000
00001209,Bellota,Bellota 50107-100,Nivel magnético,,Herramientas de mano,0.05,56,2023-01-23 09:35:00.0000000
,<empty>,Piher F-600,Gato,,Herramientas de mano,0.321,25,2023-01-23 09:35:00.0000000
,<empty>,Piher F-600,Gato,,Herramientas de mano,0.321,25,2023-01-23 09:35:00.0000000
,<empty>,Isover,Escuadra Clima,,Clima,0.15,249,2023-01-23 09:35:00.0000000
,<empty>,Isover,Escuadra Clima,,Clima,0.15,249,2023-01-23 09:35:00.0000000
10267,<empty>,Isover,Maletín Cuchillas Climaver,,Clima,0.15,280,2023-01-23 09:35:00.0000000
10268,<empty>,Isover,Maletín Cuchillas Climaver,,Clima,0.15,280,2023-01-23 09:35:00.0000000
,<empty>,Ebersign,Poste cuerpo polietileno y base de caucho,,Seguridad,0.6,18,2023-01-23 09:35:00.0000000
,<empty>,Ebersign,Poste cuerpo polietileno y base de caucho,,Seguridad,0.6,18,2023-01-23 09:35:00.0000000
,<empty>,Ebersign,Poste cuerpo polietileno y base de caucho,,Seguridad,0.6,18,2023-01-23 09:35:00.0000000
,<empty>,Ebersign,Poste cuerpo polietileno y base de caucho,,Seguridad,0.6,18,2023-01-23 09:35:00.0000000
,<empty>,Ebersign,Paleta Stop-Paso,,Seguridad,0.06,18,2023-01-23 09:35:00.0000000
,<empty>,Ebersign,Paleta Stop-Paso,,Seguridad,0.06,18,2023-01-23 09:35:00.0000000
,<empty>,,Cono señalización JAR,,Seguridad,0.08,10,2023-01-23 09:35:00.0000000
,<empty>,,Cono señalización JAR,,Seguridad,0.08,10,2023-01-23 09:35:00.0000000
,<empty>,,Cono señalización JAR,,Seguridad,0.08,10,2023-01-23 09:35:00.0000000
,<empty>,Wesser 1308263,"Alargadera 50m 3G1,5",,Alargos,0,0,2023-01-23 09:35:00.0000000
,<empty>,,Proyector LED 100w,,Maquinaria,0.2,95,2023-01-23 09:35:00.0000000
,<empty>,,Proyector LED 100w,,Maquinaria,0.2,95,2023-01-23 09:35:00.0000000
,<empty>,,Proyector LED 100w,,Maquinaria,0.2,95,2023-01-23 09:35:00.0000000
,<empty>,,"Alargadera 25m 3G1,5",,Alargos,0.15,24,2023-01-23 09:35:00.0000000
,<empty>,,Llana goma naranja,,Albañilería,0.3,8,2023-01-23 09:35:00.0000000
,<empty>,,Llana goma naranja,,Albañilería,0.3,8,2023-01-23 09:35:00.0000000
,<empty>,,Pantalla facial para casco,,Seguridad,0.02,7,2023-01-23 09:35:00.0000000
,<empty>,,Pantalla facial para casco,,Seguridad,0.02,7,2023-01-23 09:35:00.0000000
,<empty>,,Pantalla facial para casco,,Seguridad,0.02,7,2023-01-23 09:35:00.0000000
,<empty>,,Pantalla facial para casco,,Seguridad,0.02,7,2023-01-23 09:35:00.0000000
10174,Retevis,TwoWay RT24,Walkie,,Accesorios,0.25,18,2023-01-23 09:35:00.0000000
,Retevis,TwoWay RT24,Walkie,,Accesorios,0.25,18,2023-01-23 09:35:00.0000000
,Retevis,TwoWay RT24,Walkie,,Accesorios,0.25,18,2023-01-23 09:35:00.0000000
,Retevis,TwoWay RT24,Walkie,,Accesorios,0.25,18,2023-01-23 09:35:00.0000000
,Retevis,TwoWay RT24,Walkie,,Accesorios,0.25,18,2023-01-23 09:35:00.0000000
10168,Retevis,TwoWay RT24,Walkie,,Accesorios,0.25,18,2023-01-23 09:35:00.0000000
10167,Retevis,TwoWay RT24,Walkie,,Accesorios,0.25,18,2023-01-23 09:35:00.0000000
10176,Retevis,TwoWay RT24,Walkie,,Accesorios,0.25,18,2023-01-23 09:35:00.0000000
10178,Retevis,TwoWay RT24,Walkie,,Accesorios,0.25,18,2023-01-23 09:35:00.0000000
10172,Retevis,TwoWay RT24,Walkie,,Accesorios,0.25,18,2023-01-23 09:35:00.0000000
,Tacklife,MLM02,Sonómetro,,Electricidad,0.03,20,2023-01-23 09:35:00.0000000
,<empty>,URCERI LM-FRDE 218154701-01,Luxómetro,,Maquinaria,0.02,20,2023-01-23 09:35:00.0000000
,<empty>,BESNIN,Cordón Herramientas con mosquetón,,Seguridad,0.01,9,2023-01-23 09:35:00.0000000
,<empty>,BESNIN,Cordón Herramientas con mosquetón,,Seguridad,0.01,9,2023-01-23 09:35:00.0000000
,<empty>,BESNIN,Cordón Herramientas con mosquetón,,Seguridad,0.01,9,2023-01-23 09:35:00.0000000
,<empty>,Anker AK-848061090024,Cargador múltiple 10 puertos USB,,Accesorios,0.03,30,2023-01-23 09:35:00.0000000
111033,Climaver,,Cuchillo Climaver,,Clima,0.02,11,2023-01-23 09:35:00.0000000
111138,Climaver,,Cuchillo Climaver,,Clima,0.02,11,2023-01-23 09:35:00.0000000
,Climaver,,Juego Espátulas plástico varios tamaños,,Clima,0.01,2,2023-01-23 09:35:00.0000000
111204,Climaver,,Espátula Climaver,,Clima,0.01,2,2023-01-23 09:35:00.0000000
1111205,Climaver,,Espátula Climaver,,Clima,0.01,2,2023-01-23 09:35:00.0000000
111206,Climaver,,Espátula Climaver,,Clima,0.01,2,2023-01-23 09:35:00.0000000
,<empty>,,Aplicador lock dots moqueta,,Acabados,0.04,76,2023-01-23 09:35:00.0000000
,<empty>,,Par guantes blancos algodón,,Acabados,0.002,3,2023-01-23 09:35:00.0000000
1110447,<empty>,,Aprieta bridas,,Clima,0.02,12,2023-01-23 09:35:00.0000000
,<empty>,,Rascador metal,,Acabados,0.01,6,2023-01-23 09:35:00.0000000
,<empty>,,Rascador metal,,Acabados,0.01,6,2023-01-23 09:35:00.0000000
11963,<empty>,,Rascador plástico,,Acabados,0.1,5,2023-01-23 09:35:00.0000000
10435,<empty>,Glas suction plate,Ventosa triple venal,,Acabados,0.3,35,2023-01-23 09:35:00.0000000
,<empty>,,Pistola silicona naranja,,Acabados,0.05,10,2023-01-23 09:35:00.0000000
,<empty>,,Par guantes cristales,,Acabados,0.01,12,2023-01-23 09:35:00.0000000
111207,<empty>,,Cuchillo cocina,,Clima,0.02,10,2023-01-23 09:35:00.0000000
,<empty>,,Cuchillo cocina sierra,,Clima,0.02,10,2023-01-23 09:35:00.0000000
111110,<empty>,,Martillo pequeño,,Albañilería,0.2,5,2023-01-23 09:35:00.0000000
,<empty>,,Cincel plano 250mm con protección,,Albañilería,0.4,7,2023-01-23 09:35:00.0000000
11703,<empty>,,"Piquete/picoleta ","piqueta/picola mango madera",Maquinaria,0.4,10,2023-01-23 09:35:00.0000000
,<empty>,,Maceta mango azul,,Albañilería,0.4,8,2023-01-23 09:35:00.0000000
,<empty>,,Maceta mango metal,,Albañilería,0.5,12,2023-01-23 09:35:00.0000000
,<empty>,,Martillo sacaclavos mango madera,,Albañilería,0.3,7,2023-01-23 09:35:00.0000000
10053,<empty>,,Maza goma mango metal,,Albañilería,0.4,13,2023-01-23 09:35:00.0000000
,Novipro,,Tenaza cuñas Novipro,,Albañilería,0.2,20,2023-01-23 09:35:00.0000000
,<empty>,,Rasqueta limpiacristáles,,Albañilería,0.1,5,2023-01-23 09:35:00.0000000
,<empty>,,Rasqueta limpiacristáles,,Albañilería,0.1,5,2023-01-23 09:35:00.0000000
,<empty>,,Espátula,,Albañilería,0.1,5,2023-01-23 09:35:00.0000000
,<empty>,,Espátula,,Albañilería,0.1,5,2023-01-23 09:35:00.0000000
,<empty>,,Espátula,,Albañilería,0.1,5,2023-01-23 09:35:00.0000000
117407,Stanley,,Mini serrucho (sin funda),,Pladur,0.02,15,2023-01-23 09:35:00.0000000
11707,<empty>,,Espátula carrocero inox 5cm,,Pladur,0.1,1,2023-01-23 09:35:00.0000000
,<empty>,,Candado con asa nylon Master,,Seguridad,0.01,15,2023-01-23 09:35:00.0000000
,<empty>,,Candado con asa nylon Master,,Seguridad,0.01,15,2023-01-23 09:35:00.0000000
,Panduit,,Bloque Magnetotérmico,,Seguridad,0.005,5,2023-01-23 09:35:00.0000000
,Panduit,,Bloque Magnetotérmico,,Seguridad,0.005,5,2023-01-23 09:35:00.0000000
,<empty>,,Bloque Magnetotérmico naranja,,Seguridad,0.005,5,2023-01-23 09:35:00.0000000
,<empty>,,Bloque Magnetotérmico naranja,,Seguridad,0.005,5,2023-01-23 09:35:00.0000000
,Schneider,,Bloqueo magnetotérmico amarillo,,Seguridad,0.002,2,2023-01-23 09:35:00.0000000
,Schneider,,Bloqueo magnetotérmico amarillo,,Seguridad,0.002,2,2023-01-23 09:35:00.0000000
,Schneider,,Bloqueo magnetotérmico amarillo,,Seguridad,0.002,2,2023-01-23 09:35:00.0000000
,Schneider,,Bloqueo magnetotérmico amarillo,,Seguridad,0.002,2,2023-01-23 09:35:00.0000000
,Schneider,,Bloqueo magnetotérmico amarillo,,Seguridad,0.002,2,2023-01-23 09:35:00.0000000
,Schneider,,Bloqueo magnetotérmico amarillo,,Seguridad,0.002,2,2023-01-23 09:35:00.0000000
,Schneider,,Bloqueo magnetotérmico amarillo,,Seguridad,0.002,2,2023-01-23 09:35:00.0000000
,Schneider,,Bloqueo magnetotérmico amarillo,,Seguridad,0.002,2,2023-01-23 09:35:00.0000000
1087,Schneider,,Bloqueo magnetotérmico amarillo,,Seguridad,0.002,2,2023-01-23 09:35:00.0000000
,<empty>,,Candado metálico dorado asa pequeña,,Seguridad,0.005,2,2023-01-23 09:35:00.0000000
,<empty>,,Candado metálico dorado asa pequeña,,Seguridad,0.005,2,2023-01-23 09:35:00.0000000
,<empty>,,Candado metálico dorado asa pequeña,,Seguridad,0.005,2,2023-01-23 09:35:00.0000000
,<empty>,,Candado metálico dorado asa pequeña,,Seguridad,0.005,2,2023-01-23 09:35:00.0000000
,<empty>,,Candado metálico dorado asa pequeña,,Seguridad,0.005,2,2023-01-23 09:35:00.0000000
,<empty>,,Candado metálico dorado asa pequeña,,Seguridad,0.005,2,2023-01-23 09:35:00.0000000
,<empty>,,Candado metálico dorado asa pequeña,,Seguridad,0.005,2,2023-01-23 09:35:00.0000000
,<empty>,,Candado metálico dorado asa pequeña,,Seguridad,0.005,2,2023-01-23 09:35:00.0000000
,<empty>,,Candado metálico dorado asa larga,,Seguridad,0.005,3,2023-01-23 09:35:00.0000000
,<empty>,,Candado metálico dorado asa larga,,Seguridad,0.005,3,2023-01-23 09:35:00.0000000
,IFAM,,Candado metálico plateado asa pequeña,,Seguridad,0.01,5,2023-01-23 09:35:00.0000000
,IFAM,,Candado metálico plateado asa pequeña,,Seguridad,0.01,5,2023-01-23 09:35:00.0000000
,<empty>,,"Tarjeta ""Do not operate""",,Seguridad,0.001,1,2023-01-23 09:35:00.0000000
,<empty>,,"Tarjeta ""Do not operate""",,Seguridad,0.001,1,2023-01-23 09:35:00.0000000
,<empty>,,"Tarjeta ""Do not operate""",,Seguridad,0.001,1,2023-01-23 09:35:00.0000000
,<empty>,,"Tarjeta ""Do not operate""",,Seguridad,0.001,1,2023-01-23 09:35:00.0000000
,<empty>,,"Tarjeta ""Do not operate""",,Seguridad,0.001,1,2023-01-23 09:35:00.0000000
,<empty>,,"Tarjeta ""Do not operate""",,Seguridad,0.001,1,2023-01-23 09:35:00.0000000
,<empty>,,"Tarjeta ""Do not operate""",,Seguridad,0.001,1,2023-01-23 09:35:00.0000000
,<empty>,,"Tarjeta ""Do not operate""",,Seguridad,0.001,1,2023-01-23 09:35:00.0000000
,<empty>,,"Tarjeta ""Do not operate""",,Seguridad,0.001,1,2023-01-23 09:35:00.0000000
,<empty>,,"Tarjeta ""Do not operate""",,Seguridad,0.001,1,2023-01-23 09:35:00.0000000
,<empty>,,"Tarjeta ""Do not operate""",,Seguridad,0.001,1,2023-01-23 09:35:00.0000000
,<empty>,,"Tarjeta ""Do not operate""",,Seguridad,0.001,1,2023-01-23 09:35:00.0000000
,<empty>,,"Tarjeta ""Do not operate""",,Seguridad,0.001,1,2023-01-23 09:35:00.0000000
11725,<empty>,,Espátula carrocero inox 12cm,,Pladur,0.01,1,2023-01-23 09:35:00.0000000
111071,<empty>,,Espátula carrocero inox 12cm,,Pladur,0.01,1,2023-01-23 09:35:00.0000000
11884,<empty>,,Espátula carrocero inox 12cm,,Pladur,0.01,1,2023-01-23 09:35:00.0000000
11915,<empty>,,Espátula carrocero inox 12cm,,Pladur,0.01,1,2023-01-23 09:35:00.0000000
11767,<empty>,,Espátula carrocero inox 10cm,,Pladur,0.01,1,2023-01-23 09:35:00.0000000
11718,<empty>,,Espátula carrocero inox 10cm,,Pladur,0.01,1,2023-01-23 09:35:00.0000000
11708,<empty>,,Espátula carrocero inox 10cm,,Pladur,0.01,1,2023-01-23 09:35:00.0000000
11885,<empty>,,Espátula carrocero inox 10cm,,Pladur,0.01,1,2023-01-23 09:35:00.0000000
11748,<empty>,,Espátula carrocero inox 8cm,,Pladur,0.01,1,2023-01-23 09:35:00.0000000
11758,<empty>,,Espátula carrocero inox 8cm,,Pladur,0.01,1,2023-01-23 09:35:00.0000000
11886,<empty>,,Espátula carrocero inox 8cm,,Pladur,0.01,1,2023-01-23 09:35:00.0000000
,<empty>,,Espátula carrocero inox 5cm,,Pladur,0.001,1,2023-01-23 09:35:00.0000000
,<empty>,,Espátula carrocero inox 5cm,,Pladur,0.001,1,2023-01-23 09:35:00.0000000
11905,<empty>,,Espátula carrocero inox 5cm,,Pladur,0.01,1,2023-01-23 09:35:00.0000000
10269,<empty>,,Soplete largo manguera naranja,,Fontanería,0.8,50,2023-01-23 09:35:00.0000000
111062,<empty>,,Sierra de arco,,Fontanería,0.5,15,2023-01-23 09:35:00.0000000
10475,<empty>,,Sierra de arco,,Fontanería,0.5,15,2023-01-23 09:35:00.0000000
11995,Hermin,,Destornillador estrella PH3x75mm,,Herramientas de mano,0.01,7,2023-01-23 09:35:00.0000000
,<empty>,,Gato 80,,Herramientas de mano,0.08,15,2023-01-23 09:35:00.0000000
,<empty>,,Gato 80,,Herramientas de mano,0.08,15,2023-01-23 09:35:00.0000000
10490,Palmera,Cromo-Vanadio,Llave fija doble 12-13,,Herramientas de mano,0.3,7,2023-01-23 09:35:00.0000000
10424,Bahco,92C,"Llave inglesa 200mm 8""","Llave inglesa 200mm 8"" 92C Bahco",Herramientas de mano,0.5,30,2023-01-23 09:35:00.0000000
,<empty>,92 C,"Llave inglesa 200mm 8""","Llave inglesa 200mm 8"" Palmera Fully Drop-Forged",Herramientas de mano,0.05,30,2023-01-23 09:35:00.0000000
10021,Hilti,PD-E,Metro Láser PD-E,"Medidor láser de exterior con mirilla integrada para medir distancias de hasta 200 m.",Herramientas de mano,0.3,543,2023-01-23 09:35:00.0000000
10354,Fischer Darex,,Tiralíneas 30m,,Herramientas de mano,0.03,7,2023-01-23 09:35:00.0000000
,Stanley,,Nivel magnético naranja 50cm,"1-42-213",Herramientas de mano,0.06,42,2023-01-23 09:35:00.0000000
0000975,Stanley,,Metro 5mx19 Fischer Darex,,Herramientas de mano,0.2,11,2023-01-23 09:35:00.0000000
,Stanley,,Metro 5mx19 Fischer Darex,,Herramientas de mano,0.2,11,2023-01-23 09:35:00.0000000
,<empty>,,Metro 5mx19 Metal pro,,Herramientas de mano,0.2,10,2023-01-23 09:35:00.0000000
,W?rth,71464567,Metro 5m,,Herramientas de mano,0.02,17,2023-01-23 09:35:00.0000000
,<empty>,3604,Metro 5mx25 Fesa,,Herramientas de mano,0.3,8,2023-01-23 09:35:00.0000000
,<empty>,,Metro 2m Round,,Herramientas de mano,0.01,5,2023-01-23 09:35:00.0000000
,<empty>,,Juego de 4 metros varios sin marca,,Herramientas de mano,0.04,24,2023-01-23 09:35:00.0000000
,<empty>,,Mini nivel (transparente) Vola,,Herramientas de mano,0.01,6,2023-01-23 09:35:00.0000000
,<empty>,,Mini nivel (rosa) Vola,,Herramientas de mano,0.01,6,2023-01-23 09:35:00.0000000
10448,Stanley,,Nivel magnético naranja 40cm,,Herramientas de mano,0.3,25,2023-01-23 09:35:00.0000000
,<empty>,,Línea de vida horizontal 20m Murtra,,Herramientas de mano,0.3,74,2023-01-23 09:35:00.0000000
,<empty>,,Línea de vida horizontal 20m Murtra,,Herramientas de mano,0.3,74,2023-01-23 09:35:00.0000000
,<empty>,11000383,Línea de vida vertical Cofan,,Herramientas de mano,0.32,150,2023-01-23 09:35:00.0000000
,<empty>,11000383,Línea de vida vertical Cofan,,Herramientas de mano,0.32,150,2023-01-23 09:35:00.0000000
,<empty>,,Cincha 6m (naranja) Murtra,,Herramientas de mano,0.2,14,2023-01-23 09:35:00.0000000
,<empty>,,Cincha 6m (naranja) Murtra,,Herramientas de mano,0.2,14,2023-01-23 09:35:00.0000000
,<empty>,,Cincha 9m Azulina 303 Ponsa,,Herramientas de mano,0.3,66,2023-01-23 09:35:00.0000000
,<empty>,,Cincha 9m Azulina 303 Ponsa,,Herramientas de mano,0.3,66,2023-01-23 09:35:00.0000000
,<empty>,,Cincha 9m Azulina 303 Ponsa,,Herramientas de mano,0.3,66,2023-01-23 09:35:00.0000000
,<empty>,,Cuerda (blanca y azul) 20m,,Herramientas de mano,0.02,19,2023-01-23 09:35:00.0000000
,<empty>,,Cuerda albañil,,Herramientas de mano,0.2,6,2023-01-23 09:35:00.0000000
,<empty>,,Cuerda albañil,,Herramientas de mano,0.2,6,2023-01-23 09:35:00.0000000
,<empty>,,Cuerda albañil con extremo angular,,Herramientas de mano,0.3,14,2023-01-23 09:35:00.0000000
,<empty>,,Cuerda albañil con extremo angular,,Herramientas de mano,0.3,14,2023-01-23 09:35:00.0000000
,OPEL,MOVANO 2.3 CDTI 125 CV,Furgoneta Opel Movano,"Matrícula: 4273 KZR",Maquinaria,2399,0,2023-01-23 09:35:00.0000000
,Proiman,5000 C-0,Juego guantes dieléctrico,"Juego de guantes dieléctrico 5000 C-0",Electricidad,0,29.5,2023-01-23 09:35:00.0000000
0000163,<empty>,,Escuadra Vola 30cm,,Herramientas de mano,0.02,6,2023-01-23 09:35:00.0000000
00001116,Hilti,SID 8-A22,Atornilladora de impacto,"Atornilladora de impacto a batería de 22 V. Con maletin.",Maquinaria,26,442.2,2023-01-23 09:35:00.0000000
10029,Hilti,TE DRS-D,Sistema de aspiración,"Sistema de aspiración de polvo para taladro modelo TE DRS-D",Accesorios,2.6,28.38,2023-01-23 09:35:00.0000000
11879,Hilti,SB 4-A22,Sierra de cinta (con caja),"Sierra de cinta a batería 22 V y luz LED para cortar materiales de hasta 63,5 mm de espesor.",Maquinaria,1.25,227.4,2023-01-23 09:35:00.0000000
10415,Hilti,CD 4-A22,Aplicador de silicona,"Aplicador de silicona a batería 22 V.",Accesorios,0,173.4,2023-01-23 09:35:00.0000000
0010413,Hilti,CD 4,Portacartucho,"Portacartucho CD 4 310 ml PL CORTO. Accesorio para el aplicador de silicona a batería CD 4-A22.",Accesorios,0,19.8,2023-01-23 09:35:00.0000000
10417,Makita,DSC102Z,Cortadora de varilla (con caja),"Cortador de varilla roscada a batería 18 V.",Maquinaria,3.2,499.8,2023-01-23 09:35:00.0000000
,Makita,BL1850B,Batería,"Batería 18 V 5,0 Ah (compatible con cortadora de varilla)",Accesorios,0,80,2023-01-23 09:35:00.0000000
0000822,Makita,BL1850B,Batería,"Batería 18 V 5,0 Ah (compatible con cortadora de varilla)",Accesorios,0,80,2023-01-23 09:35:00.0000000
,Makita,DC18RC,Cargador de batería,"Cargador rápido 18 V LXT",Accesorios,0,70,2023-01-23 09:35:00.0000000
0000901,Hilti,VC 5-A22,"Aspirador portátil ","Aspirador portátil a batería de 22V. Capacidad para polvo: 3 kg.",Accesorios,5.2,244.3,2023-01-23 09:35:00.0000000
,Svelt,SMA6,Escalera fibra de vidrio 6 peldaños,,Electricidad,94,244.3,2023-01-23 09:35:00.0000000
,Svelt,SMA6,Escalera fibra de vidrio 6 peldaños,,Electricidad,94,268.5,2023-01-23 09:35:00.0000000
,Svelt,SMA8,Escalera fibra de vidrio 8 peldaños,,Electricidad,12,277.2,2023-01-23 09:35:00.0000000
,Svelt,SMA8,Escalera fibra de vidrio 8 peldaños,,Electricidad,12,277.2,2023-01-23 09:35:00.0000000
,Metal Works,PE 500/999-18,Polipasto eléctrico,"Polipasto eléctrico diseñado para levantar cargas de 500 kg sin reenvío y 999 kg con reenvío (doble gancho).",Maquinaria,0,324,2023-01-23 09:35:00.0000000
10342,<empty>,,"Abocardador de golpe, punzón para 1/2"", 5/8"" y 7/8""",,Clima,0.04,15,2023-01-23 09:35:00.0000000
,HP,LaserJet Pro MFP M426fdn,Impresora,"Ubicación actual: SR Getafe",Oficina,0,0,2023-01-23 09:35:00.0000000
,Samsung,Galaxy J3,Móvil,"Ubicación: Raúl Martín",Oficina,0,0,2023-01-23 09:35:00.0000000
,Lenovo,V130-15IKB,Ordenador,"Código Betel: ESR90QLJGR",Oficina,0,0,2023-01-23 09:35:00.0000000
,Lenovo,ADLX45NDC3A,Cargador ordenador Lenovo V130,"Código Betel: ESR90QLJGR",Oficina,0,0,2023-01-23 09:35:00.0000000
,Lenovo,ThinkPad T450 Ultrabook,Ordenador,"Código Betel: ESPC036WLK",Oficina,0,0,2023-01-23 09:35:00.0000000
,Lenovo,TAIFU AC Adapter,Cargador ordenador ThinkPad 450,"Ubicación: Rebeca Arenas",Oficina,0,0,2023-01-23 09:35:00.0000000
,<empty>,TR-MR6400 Ver: 4.0,Wifi TP-Link_A358,"Código Betel: BETELFOTOGRAFIA",Oficina,0,0,2023-01-23 09:35:00.0000000
,HP,HP P24 G4 23.8-INCH,Pantalla,"Ubicación: Diana Martín",Oficina,0,0,2023-01-23 09:35:00.0000000
,HP,HP P24 G4 23.8-INCH,Pantalla,"Ubicación: Raúl Martín",Oficina,0,0,2023-01-23 09:35:00.0000000
,HP,HP P24 G4 23.8-INCH,Pantalla,"Ubicación: -",Oficina,0,0,2023-01-23 09:35:00.0000000
,HP,HP ProBook 440 G6,Ordenador,"Código Betel: ES5CD9261TQ0",Oficina,0,0,2023-01-23 09:35:00.0000000
,Blackwire,C3220 USB-A,Cascos con cable,"Ubicación: Josué Lanzas",Oficina,0,0,2023-01-23 09:35:00.0000000
,HP,MOI YUO,Ratón cable,,Oficina,0,0,2023-01-23 09:35:00.0000000
,HP,45W TPN-LA15,Cargador HP Probrook 440,"Ubicación: Josué Lanzas",Oficina,0,0,2023-01-23 09:35:00.0000000
,HP,ProBook 440 G6,Ordenador,"Código Betel: ES5CD9261TQH",Oficina,0,0,2023-01-23 09:35:00.0000000
,Blackwire,C3220 USB-A,Cascos cable,"Ubicación: Diana Martín",Oficina,0,0,2023-01-23 09:35:00.0000000
,HP,,Ratón cable,"Ubicación: Diana Martín",Oficina,0,0,2023-01-23 09:35:00.0000000
,GRESPANIA,Travel Adapter 65W,Cargador HP ProBook 440,"Ubicación: Diana Martín",Oficina,0,0,2023-01-23 09:35:00.0000000
,<empty>,NETUM NT-1698W,Lector código de barras,"Ubicación: SA Ajalvir",Oficina,0,0,2023-01-23 09:35:00.0000000
,Femi,780XL,Sierra de cinta,"Sierra de cinta portátil con un corte máximo de 105mm. Angulo 0º a 45 izquierda. 850 W, dos velocidades. Sistema de seguridad anti-arranque. (Código 8.48.33.21)",Maquinaria,1.7,372.4,2023-01-23 09:35:00.0000000
10236,Hilti,SF6H 22-A,Atornilladora,"Atornilladora a batería de 22 V  de in-litio para aplicaciones ligeras y medias. ",Maquinaria,1.31,174,2023-01-23 09:35:00.0000000
10006,Hilti,TE 1000 AVR,Motopico/Martillo Rompedor,"Martillo combinado a batería de alto rendimiento con motor sin escobillas y control activo del par.",Maquinaria,12.5,1866,2023-01-23 09:35:00.0000000
10008,Hilti,AG125-A22,Radial a batería,"Amoladora angular a batería de 22 V. Apta para operaciones de corte y amolado diarias con discos de hasta 125 mm de diametro.",Maquinaria,2.7,366,2023-01-23 09:35:00.0000000
10015,Hilti,AG 230-20D,Radial grande con cable,"Amoladora angular de 2000 W con interruptor de emergencia, para tareas de corte y amolado de metal con discos de hasta 230 mm.",Maquinaria,5.26,322,2023-01-23 09:35:00.0000000
111045,Bellota,5842 HIBM,Palustre mango fibra,,Albañilería,0,0,2023-01-23 09:35:00.0000000
111044,Bellota,5842 HIBM,Palustre mango fibra,,Albañilería,0,0,2023-01-23 09:35:00.0000000
111019,Petzl,I'D S,Descensor,"Ref. D020AA01",Seguridad,0,0,2023-01-23 09:35:00.0000000
11998,Petzl,I'D S,Descensor,"Ref. D020AA01",Seguridad,0,0,2023-01-23 09:35:00.0000000
,<empty>,BM-RS,"Destornillador plano aislado 5,5X125",,Electricidad,0.2,10,2023-01-23 09:35:00.0000000
0000911,Makita,BL1950B,Batería,"Batería 18 V 5,0 Ah (compatible con cortadora de varilla)",Accesorios,0,80,2023-01-23 09:35:00.0000000
,<empty>,,Maletín fichas empalme sueltas,,Electricidad,0,0,2023-01-23 09:35:00.0000000
10088,<empty>,BM-RS,Destornillador plano aislado 125-250 V,,Electricidad,0.1,15,2023-01-23 09:35:00.0000000
11796,<empty>,,Alicate de punta 160mm (mango rojo),,Herramientas de mano,0.02,8,2023-01-23 09:35:00.0000000
10003,Stayer,Potenza 200 GE,Soldadora eléctrica inverter,"Equipo electrónico para soldadura MMA de alto rendimiento.",Soldadura,6,0,2023-01-23 09:35:00.0000000
,Pentrilo,ref. 07321,Rodillo esponja amarillo poro 3 ref. 07321,,Pintura,0,0,2023-01-23 09:35:00.0000000
,Pentrilo,ref. 07321,Rodillo esponja naranja poro 3 ref. 07321,,Pintura,0,0,2023-01-23 09:35:00.0000000
,Pentrilo,ref. 07321,Rodillo esponja naranja poro 3 ref. 07321,,Pintura,0,0,2023-01-23 09:35:00.0000000
,Pentrilo,ref. 07321,Rodillo esponja naranja poro 3 ref. 07321,,Pintura,0,0,2023-01-23 09:35:00.0000000
,<empty>,,Rodillo pelo corto antigota 18cm,,Pintura,0,0,2023-01-23 09:35:00.0000000
,<empty>,,Rodillo pelo corto antigota 22cm,,Pintura,0,0,2023-01-23 09:35:00.0000000
,<empty>,,Rodillo super felpón exterior 24cm,,Pintura,0,0,2023-01-23 09:35:00.0000000
,<empty>,,Rodillo super felpón exterior 24cm,,Pintura,0,0,2023-01-23 09:35:00.0000000
,<empty>,,Rodillo super felpón exterior 24cm,,Pintura,0,0,2023-01-23 09:35:00.0000000
,<empty>,,Varilla para recambio de 22cm,,Pintura,0,0,2023-01-23 09:35:00.0000000
,<empty>,,Varilla para recambio de 22cm,,Pintura,0,0,2023-01-23 09:35:00.0000000
,<empty>,,Varilla para recambio de 22cm,,Pintura,0,0,2023-01-23 09:35:00.0000000
,<empty>,,Varilla para recambio de 11 cm,,Pintura,0,0,2023-01-23 09:35:00.0000000
,<empty>,,Varilla para recambio de 11 cm,,Pintura,0,0,2023-01-23 09:35:00.0000000
,<empty>,,Varilla para recambio de 11 cm,,Pintura,0,0,2023-01-23 09:35:00.0000000
,<empty>,,Varilla para recambio de 11cm larga,,Pintura,0,0,2023-01-23 09:35:00.0000000
,<empty>,,Rodillo pelo corto antigota 11 cm,,Pintura,0,0,2023-01-23 09:35:00.0000000
,<empty>,,Rodillo pelo corto antigota 11 cm,,Pintura,0,0,2023-01-23 09:35:00.0000000
,<empty>,,Rodiloo barniz 11 cm,,Pintura,0,0,2023-01-23 09:35:00.0000000
,<empty>,,Rodiloo barniz 11 cm,,Pintura,0,0,2023-01-23 09:35:00.0000000
,<empty>,,cubo,,Maquinaria,0,0,2023-01-23 09:35:00.0000000
10009,Hilti,TE 2-A22,Taladro,"Martillo perforador a batería.",Maquinaria,2.7,265,2023-01-23 09:35:00.0000000
10010,Hilti,TE 2-A22,Taladro,"Martillo perforador a batería.",Maquinaria,2.7,265,2023-01-23 09:35:00.0000000
,<empty>,,Recambio rodillo 11 cm espuma,,Pintura,0,0,2023-01-23 09:35:00.0000000
,<empty>,,Recambio rodillo 11 cm espuma,,Pintura,0,0,2023-01-23 09:35:00.0000000
,<empty>,,Recambio rodillo 11 cm espuma,,Pintura,0,0,2023-01-23 09:35:00.0000000
,<empty>,,Recambio rodillo 11 cm espuma,,Pintura,0,0,2023-01-23 09:35:00.0000000
,<empty>,,Recambio rodillo 11 cm espuma,,Pintura,0,0,2023-01-23 09:35:00.0000000
,Velour,,Recambio rodillo 11 cm fibra lana,,Pintura,0,0,2023-01-23 09:35:00.0000000
,Velour,,Recambio rodillo 11 cm fibra lana,,Pintura,0,0,2023-01-23 09:35:00.0000000
,Velour,,Recambio rodillo 11 cm fibra lana,,Pintura,0,0,2023-01-23 09:35:00.0000000
,Velour,,Recambio rodillo 11 cm fibra lana,,Pintura,0,0,2023-01-23 09:35:00.0000000
,Velour,,Recambio rodillo 11 cm fibra lana,,Pintura,0,0,2023-01-23 09:35:00.0000000
,Velour,,Recambio rodillo 11 cm fibra lana,,Pintura,0,0,2023-01-23 09:35:00.0000000
10011,Hilti,SD 5000-A22 02,Atornilladora pladur,"Atornilladora de tabique seco a batería de 22V y de 5000 rpm para la suspensión de tabiques secos, tableros de madera y revestimientos exteriores.",Maquinaria,18,275,2023-01-23 09:35:00.0000000
10421,Hilti,SD 5000-A22 02,Atornilladora pladur,"Atornilladora de tabique seco a batería de 22V y de 5000 rpm para la suspension de tabiques secos, tableros de madera y revestimientos exteriores.",Maquinaria,1.82,275,2023-01-23 09:35:00.0000000
10014,Hilti,SD-M 2,Cargador de tornillos,"Cargador de tornillos para tornillos en tiras de 25-51 mm de longitud para aplicaciones de acabado de interiores. Para atornilladora pladur",Maquinaria,0.3,174,2023-01-23 09:35:00.0000000
10013,Hilti,SD-M 2,Cargador de tornillos,"Cargador de tornillos para tornillos en tiras de 25-51 mm de longitud para aplicaciones de acabado de interiores. Para atornilladora pladur",Maquinaria,0.3,174,2023-01-23 09:35:00.0000000
10017,Hilti,SJD 6-A22,Caladora a batería,"Sierra de calar a batería de 22V con empuñadura en D que ofrece un agarre cómodo y un control de primera calidad en cortes curvos.",Maquinaria,3.2,406,2023-01-23 09:35:00.0000000
10016,Hilti,TE 30-A36,Motopico/Martillo Combinado,"Martillo combinado a batería de alto rendimiento con motor sin escobillas y control activo del par.",Maquinaria,5.1,584,2023-01-23 09:35:00.0000000
10287,Hilti,SR 6-A22,Sierra de sable,"Sierra de sable a batería de 22V (motor sin escobillas) para demoliciones de alto rendimiento.",Maquinaria,3.8,378,2023-01-23 09:35:00.0000000
10288,Hilti,BX 3-ME 02,Pistola de tiros,"Clavadora a batería de 22V para aplicaciones eléctricas y mecánicas.",Maquinaria,3.34,1034,2023-01-23 09:35:00.0000000
,Velour,,Recambio rodillo 15 cm fibra lana,,Pintura,0,0,2023-01-23 09:35:00.0000000
,<empty>,,Recambio rodillo 10 cm pelo corto antigota,,Pintura,0,0,2023-01-23 09:35:00.0000000
,<empty>,,Recambio rodillo 6 cm pelo corto antigota,,Pintura,0,0,2023-01-23 09:35:00.0000000
,<empty>,,Recambio rodillo 6 cm pelo corto antigota,,Pintura,0,0,2023-01-23 09:35:00.0000000
,Velour,,Recambio rodillo 11 cm fibra lana,,Pintura,0,0,2023-01-23 09:35:00.0000000
,<empty>,,Taco lija fino,,Pintura,0,0,2023-01-23 09:35:00.0000000
,<empty>,,Taco lija largo,,Pintura,0,0,2023-01-23 09:35:00.0000000
,<empty>,,Taco lija normal,,Pintura,0,0,2023-01-23 09:35:00.0000000
,<empty>,,Taco lija normal,,Pintura,0,0,2023-01-23 09:35:00.0000000
,Mirka,P240,Disco lija velcro,,Pintura,0,0,2023-01-23 09:35:00.0000000
,Mirka,P240,Disco lija velcro,,Pintura,0,0,2023-01-23 09:35:00.0000000
,Mirka,P240,Disco lija velcro,,Pintura,0,0,2023-01-23 09:35:00.0000000
,Mirka,P240,Disco lija velcro,,Pintura,0,0,2023-01-23 09:35:00.0000000
,Mirka,P240,Disco lija velcro,,Pintura,0,0,2023-01-23 09:35:00.0000000
,Mirka,P240,Disco lija velcro,,Pintura,0,0,2023-01-23 09:35:00.0000000
,Mirka,P240,Disco lija velcro,,Pintura,0,0,2023-01-23 09:35:00.0000000
,Mirka,P180,Disco lija velcro,,Pintura,0,0,2023-01-23 09:35:00.0000000
,Mirka,P180,Disco lija velcro,,Pintura,0,0,2023-01-23 09:35:00.0000000
,Mirka,P180,Disco lija velcro,,Pintura,0,0,2023-01-23 09:35:00.0000000
,Mirka,P180,Disco lija velcro,,Pintura,0,0,2023-01-23 09:35:00.0000000
,Mirka,P180,Disco lija velcro,,Pintura,0,0,2023-01-23 09:35:00.0000000
,Mirka,P180,Disco lija velcro,,Pintura,0,0,2023-01-23 09:35:00.0000000
,Mirka,P180,Disco lija velcro,,Pintura,0,0,2023-01-23 09:35:00.0000000
,Mirka,P180,Disco lija velcro,,Pintura,0,0,2023-01-23 09:35:00.0000000
,<empty>,,Disco lija P180,,Pintura,0,0,2023-01-23 09:35:00.0000000
,<empty>,,Disco lija P150,,Pintura,0,0,2023-01-23 09:35:00.0000000
,<empty>,,Disco lija P240,,Pintura,0,0,2023-01-23 09:35:00.0000000
,<empty>,,Colador,,Pintura,0,0,2023-01-23 09:35:00.0000000
,<empty>,,Colador,,Pintura,0,0,2023-01-23 09:35:00.0000000
,<empty>,,Pincel 3cm diámetro,,Pintura,0,0,2023-01-23 09:35:00.0000000
,<empty>,,Pincel 3cm diámetro,,Pintura,0,0,2023-01-23 09:35:00.0000000
,<empty>,,Pincel 3cm diámetro,,Pintura,0,0,2023-01-23 09:35:00.0000000
,<empty>,,Pincel 3cm diámetro,,Pintura,0,0,2023-01-23 09:35:00.0000000
,<empty>,,Pincel 5cm diámetro,,Pintura,0,0,2023-01-23 09:35:00.0000000
,<empty>,,Pincel 5cm diámetro,,Pintura,0,0,2023-01-23 09:35:00.0000000
,<empty>,,Brocha gorda 10181,,Pintura,0,0,2023-01-23 09:35:00.0000000
,<empty>,,Pincel fino 10474,,Pintura,0,0,2023-01-23 09:35:00.0000000
111024,<empty>,,"Mascarilla Antipartículas ","2 filtros",Seguridad,0,0,2023-01-23 09:35:00.0000000
10254,UNI-T,"UNI-T ","Anemómetro ","ANEMOMETRO",Maquinaria,0.2,30,2023-01-23 09:35:00.0000000
,Urceri,LM-FRDE,Luxómetro,,Electricidad,0,0,2023-01-23 09:35:00.0000000
,<empty>,,Silbatos,,Seguridad,0,0,2023-01-23 09:35:00.0000000
,<empty>,,Silbatos,,Seguridad,0,0,2023-01-23 09:35:00.0000000
,<empty>,,Silbatos,,Seguridad,0,0,2023-01-23 09:35:00.0000000
,<empty>,,Silbatos,,Seguridad,0,0,2023-01-23 09:35:00.0000000
,<empty>,,Tapones oidos silicona,,Seguridad,0,0,2023-01-23 09:35:00.0000000
,<empty>,,Cadena,,Seguridad,0,0,2023-01-23 09:35:00.0000000
,<empty>,,Regleta 4 enchufes,,Electricidad,0,0,2023-01-23 09:35:00.0000000
,<empty>,,Regleta 5 enchufes,,Electricidad,0,0,2023-01-23 09:35:00.0000000
10030,Hilti,SL 6-A22,Foco,"Foco hilti",Iluminación,3.19,235,2023-01-23 09:35:00.0000000
111016,<empty>,,Foco LED 100w,,Iluminación,2,95,2023-01-23 09:35:00.0000000
111015,<empty>,,Foco LED 100w,,Iluminación,2,95,2023-01-23 09:35:00.0000000
111001,<empty>,,Foco LED 100w,,Iluminación,2,95,2023-01-23 09:35:00.0000000
,<empty>,,Foco con sensor de movimiento,"Getafe",Iluminación,0,0,2023-01-23 09:35:00.0000000
10192,Hilti,SF 6H-A22,Atornilladora,"Atornilladora percutor a batería de 22V con control activo del par y mandril electronico para uso universal en madera, metal y otros materiales. Con maletin.",Maquinaria,3.1,403,2023-01-23 09:35:00.0000000
10019,Hilti,PM 40-MG,Láser multilínea,"Láser de múltiples líneas con 4 líneas para instalaciones de fontanera, nivelaciones, alineaciones y cálculo de escuadras con haz verde.",Maquinaria,1,552,2023-01-23 09:35:00.0000000
10020,Hilti,PRA 72,Base Muros láser Rotativo,"Para la colocación de láseres rotativos Hilti en paredes, trípodes, columnas o techos.",Accesorios,0.3,214,2023-01-23 09:35:00.0000000
10024,Hilti,PRA 83,Pinza Receptor láser,"Para fijar los receptores a las varillas de medición",Accesorios,0.313,80,2023-01-23 09:35:00.0000000
10026,Hilti,PA 931,Trípode con manivela,,Accesorios,3,964,2023-01-23 09:35:00.0000000
10028,Hilti,VC 20-UM,Aspiradora,,Maquinaria,13,758,2023-01-23 09:35:00.0000000
10031,Hilti,B 12/2.6 AH,Batería láser,"Batería de ion de litio compacta de 12 V y 2,6 Ah",Accesorios,0.24,64,2023-01-23 09:35:00.0000000
10032,Hilti,B 36/5.2AH,Batería,"Batería de ion de litio de alto rendimiento de 36 V y 5.2 Ah.",Accesorios,14,454,2023-01-23 09:35:00.0000000
10033,Hilti,B 36/5.2AH,Batería,"Batería de ion de litio de alto rendimiento de 36 V y 5.2 Ah.",Accesorios,1.35,454,2023-01-23 09:35:00.0000000
10237,Hilti,B 36/5.2AH,Batería,"Batería de ion de litio de alto rendimiento de 36 V y 5.2 Ah.",Accesorios,14,454,2023-01-23 09:35:00.0000000
10238,Hilti,B 36/5.2AH,Batería,"Batería de ion de litio de alto rendimiento de 36 V y 5.2 Ah.",Accesorios,14,454,2023-01-23 09:35:00.0000000
,Palmera,Fully Drop-Forged,"Llave inglesa 8""",,Maquinaria,0,0,2023-01-23 09:35:00.0000000
,Hilti,PR30 HVSG A12,Láser rotativo,,Accesorios,0,0,2023-01-23 09:35:00.0000000
10034,Hilti,B22/5.2 AH,Batería,"Batería de ion de litio de 22 V y 5.2 Ah de alta potencia que ofrece mayor tiempo de funcionamiento.",Accesorios,0.8,264,2023-01-23 09:35:00.0000000
10035,Hilti,B22/5.2 AH,Batería,"Batería de ion de litio de 22 V y 5.2 Ah de alta potencia que ofrece mayor tiempo de funcionamiento.",Accesorios,0.8,264,2023-01-23 09:35:00.0000000
10036,Hilti,B22/5.2 AH,Batería,"Batería de ion de litio de 22 V y 5.2 Ah de alta potencia que ofrece mayor tiempo de funcionamiento.",Accesorios,0.8,264,2023-01-23 09:35:00.0000000
10037,Hilti,B22/5.2 AH,Batería,"Batería de ion de litio de 22 V y 5.2 Ah de alta potencia que ofrece mayor tiempo de funcionamiento.",Accesorios,0.8,264,2023-01-23 09:35:00.0000000
10038,Hilti,B22/5.2 AH,Batería,"Batería de ion de litio de 22 V y 5.2 Ah de alta potencia que ofrece mayor tiempo de funcionamiento.",Accesorios,0.8,264,2023-01-23 09:35:00.0000000
10030,Hilti,B22/5.2 AH,Batería,"Batería de ion de litio de 22 V y 5.2 Ah de alta potencia que ofrece mayor tiempo de funcionamiento.",Accesorios,0.8,264,2023-01-23 09:35:00.0000000
10040,Hilti,B22/5.2 AH,Batería,"Batería de ion de litio de 22 V y 5.2 Ah de alta potencia que ofrece mayor tiempo de funcionamiento.",Accesorios,0.8,264,2023-01-23 09:35:00.0000000
11912,Hilti,B22/5.2 AH,Batería,"Batería de ion de litio de 22 V y 5.2 Ah de alta potencia que ofrece mayor tiempo de funcionamiento.",Accesorios,0.8,264,2023-01-23 09:35:00.0000000
10043,Hilti,B22/5.2 AH,Batería,"Batería de ion de litio de 22 V y 5.2 Ah de alta potencia que ofrece mayor tiempo de funcionamiento.",Accesorios,0.8,145.2,2023-01-23 09:35:00.0000000
10042,Hilti,B22/5.2 AH,Batería,"Batería de ion de litio de 22 V y 5.2 Ah de alta potencia que ofrece mayor tiempo de funcionamiento.",Accesorios,0.8,264,2023-01-23 09:35:00.0000000
10044,Hilti,B22/3.0AH,Batería,"Batería compacta y alta potencia de ion de litio de 22 V y 3,0 Ah.",Accesorios,0.58,188,2023-01-23 09:35:00.0000000
10045,Hilti,B22/3.0AH,Batería,"Batería compacta y alta potencia de ion de litio de 22 V y 3,0 Ah.",Accesorios,0.58,188,2023-01-23 09:35:00.0000000
10046,Hilti,B22/3.0AH,Batería,"Batería compacta y alta potencia de ion de litio de 22 V y 3,0 Ah.",Accesorios,0.58,188,2023-01-23 09:35:00.0000000
10047,Hilti,B22/3.0AH,Batería,"Batería compacta y alta potencia de ion de litio de 22 V y 3,0 Ah.",Accesorios,0.58,188,2023-01-23 09:35:00.0000000
10048,Hilti,C4/12-50 230V,Cargador láser,"Cargador compacto para baterías de ion de litio de Hilti de 12 V.",Accesorios,0.35,80,2023-01-23 09:35:00.0000000
10050,Hilti,C4/36-350 230V,Cargador,"Cargador compacto para baterías de ion de litio de Hilti de 12 V.",Accesorios,1.1,203,2023-01-23 09:35:00.0000000
10049,Hilti,C4/36-350 230V,Cargador,"Cargador compacto para baterías de ion de litio de Hilti de 12 V.",Accesorios,1.1,203,2023-01-23 09:35:00.0000000
10052,Hilti,C4/36-350 230V,Cargador,"Cargador compacto para baterías de ion de litio de Hilti de 12 V.",Accesorios,1.1,203,2023-01-23 09:35:00.0000000
,Hilti,C4/36-350 230V,Cargador,"Cargador compacto para baterías de ion de litio de Hilti de 12 V.",Accesorios,1.1,203,2023-01-23 09:35:00.0000000
10051,Hilti,C4/36-350 230V,Cargador,"Cargador compacto para baterías de ion de litio de Hilti de 12 V.",Accesorios,1.1,203,2023-01-23 09:35:00.0000000
,Rub?,TS-66 Max Orange,Cortadora azulejos,"Cortadora manual TS-66 MAX Orange de la marca Rubi, una herramienta ligera y funcional, ideal para el corte intensivo de baldosa cerámica en general, y en especial, para el corte frecuente de gres porcelánico.",Maquinaria,0,0,2023-01-23 09:35:00.0000000
10027,Hilti,"DC-EX 125/5""C",Campana antipolvo 125,"Sistema de aspiración del polvo y componentes para tareas de corte con amoladoras angulares de Hilti.",Accesorios,1.5,155,2023-01-23 09:35:00.0000000
0010402,Hilti,"DC-EX 230/9""C",Campana antipolvo 230,"Sistema de aspiración del polvo y componentes para tareas de corte con amoladoras angulares de Hilti.",Accesorios,1.93,228,2023-01-23 09:35:00.0000000
10208,Hilti,VC 20-40 kit,Accesorios aspiradora,"Accesorios aspiradora VC 20/40/60/125/150",Accesorios,1,142,2023-01-23 09:35:00.0000000
10232,EZ-Fasten,Super 635,Clavadora neumática,"Clavadora Super 635 R para clavos con o sin cabeza de 0.6mm de 12 a 35mm de largo.",Maquinaria,0.5,140,2023-01-23 09:35:00.0000000
,<empty>,MAX 180,Batidora,"Mezclador industrial de 1.800 W. 2 velocidades.",Maquinaria,0,0,2023-01-23 09:35:00.0000000
10004,ABAC MONTECARLO,Montecarlo L30P,Compresor,"Compresor Abac Monecarlo L30P de 3 HP y depósito de 50 litros.",Maquinaria,37,290,2023-01-23 09:35:00.0000000
111087,Testo,557,Manómetro digital,,Clima,0.4,600,2023-01-23 09:35:00.0000000
10007,Hilti,AG125-A22,Radial a batería,"Amoladora angular a batería de 22 V. Apta para operaciones de corte y amolado diarias con discos de hasta 125 mm de diametro.",Maquinaria,2.7,366,2023-01-23 09:35:00.0000000
,Kartcher,,Kartcher,"Limpiadora de alta presión",Maquinaria,0,0,2023-01-23 09:35:00.0000000
,Rub?,Widia,Recambio Rodel Rubí 8 mm,"Rodel 8 mm para TR-TS",Alicatado y solado,0,10.7,2023-01-23 09:35:00.0000000
,Rub?,Widia,Recambio Rodel Rubí 10 mm,"Rodel 10 mm para TR-TS",Alicatado y solado,0,15.43,2023-01-23 09:35:00.0000000
,ML-OK,SUS304 71/80WF,Candado MLOK,,Accesorios,0,0,2023-01-23 09:35:00.0000000
,ML-OK,SUS304 71/80WF,Candado MLOK,,Accesorios,0,0,2023-01-23 09:35:00.0000000
,Xiaomi,,Cámara Xiaomi,"Cámara 360º (Aplicación Xiaomi Home)",Oficina,0,0,2023-01-23 09:35:00.0000000
,Zosi Smart,ZR08PU,Grabador NVR,"Sistema de control y grabación wifi para las 4 cámaras de videovigilancia marca ZOSI",Oficina,0,0,2023-01-23 09:35:00.0000000
,Zosi Smart,ZG1883M,Cámara de videovigilancia,"4 Videocámaras de vigilancia para conectar al grabador NVR",Seguridad,0,0,2023-01-23 09:35:00.0000000
,Knipex,,Crimpadora,"Crimpadora para RJ11/RJ45",Herramientas de mano,0,0,2023-01-23 09:35:00.0000000
,<empty>,,Espátula,"80mm",Maquinaria,0,3.93,2023-01-23 09:35:00.0000000
,<empty>,,Espátula,"80mm",Maquinaria,0,3.93,2023-01-23 09:35:00.0000000
,<empty>,,Pincel cabo lata nº6,,Pintura,0,0.94,2023-01-23 09:35:00.0000000
,<empty>,,Pincel cabo lata nº10,,Pintura,0,0.99,2023-01-23 09:35:00.0000000
111014,<empty>,,Rodillera,,Seguridad,0,16.06,2023-01-23 09:35:00.0000000
111013,<empty>,,Rodillera,,Seguridad,0,16.06,2023-01-23 09:35:00.0000000
,<empty>,,Cúter,,Herramientas de mano,0,7.81,2023-01-23 09:35:00.0000000
,<empty>,,Cúter,,Herramientas de mano,0,7.81,2023-01-23 09:35:00.0000000
,<empty>,,Llana dentada 28cm,,Maquinaria,0,0,2023-01-23 09:35:00.0000000
,Deltaplus,Elara190,Arnés 1 punto+absorbedor,,Seguridad,0.1,58,2023-01-23 09:35:00.0000000
,<empty>,,Eslinga,,Seguridad,0,0,2023-01-23 09:35:00.0000000
,<empty>,,Barras de separación de carga,,Accesorios,0,0,2023-01-23 09:35:00.0000000
,<empty>,,Barras de separación de carga,,Accesorios,0,0,2023-01-23 09:35:00.0000000
,Pentrilo,ref. 07321,Rodillo esponja amarillo poro 3 ref. 07321,,Pintura,0,0,2023-01-23 09:35:00.0000000
,<empty>,,Rodillo pelo corto antigota 11 cm,,Pintura,0,0,2023-01-23 09:35:00.0000000
,<empty>,,Rodillo pelo corto antigota 11 cm,,Pintura,0,0,2023-01-23 09:35:00.0000000
,<empty>,,Mango rodillo 10245,,Pintura,0,0,2023-01-23 09:35:00.0000000
,<empty>,,Mango rodillo 10197,,Pintura,0,0,2023-01-23 09:35:00.0000000
,<empty>,,Mango rodillo 10396,,Pintura,0,0,2023-01-23 09:35:00.0000000
,<empty>,,Mango rodillo 10463,,Pintura,0,0,2023-01-23 09:35:00.0000000
,<empty>,,Mango rodillo 10198,,Pintura,0,0,2023-01-23 09:35:00.0000000
,<empty>,,Brocha gorda 10293,,Pintura,0,0,2023-01-23 09:35:00.0000000
,<empty>,,Brocha gorda 10293,,Pintura,0,0,2023-01-23 09:35:00.0000000
,<empty>,,Brocha gorda 10291,,Pintura,0,0,2023-01-23 09:35:00.0000000
,<empty>,,Brocha mediana 10297,,Pintura,0,0,2023-01-23 09:35:00.0000000
,<empty>,,Brocha mediana 10295,,Pintura,0,0,2023-01-23 09:35:00.0000000
,<empty>,,Brocha mediana 10298,,Pintura,0,0,2023-01-23 09:35:00.0000000
,<empty>,,Brocha mediana 10295,,Pintura,0,0,2023-01-23 09:35:00.0000000
,<empty>,,Llana dentada 8mm,,Maquinaria,0,14.76,2023-01-23 09:35:00.0000000
,<empty>,,Sillas de oficina,,Oficina,0,387.26,2023-01-23 09:35:00.0000000
,<empty>,,Sillas de oficina,,Oficina,0,387.26,2023-01-23 09:35:00.0000000
,<empty>,,Sillas de oficina,,Oficina,0,387.26,2023-01-23 09:35:00.0000000
,<empty>,,Plataforma 1 metro,"Plataforma telescópica",Accesorios,0,381.15,2023-01-23 09:35:00.0000000
,<empty>,,Escalera 6 peldaños,"Marca Svelt. Modelo: Regina",Accesorios,0,142.29,2023-01-23 09:35:00.0000000
,<empty>,,Escalera 8 peldaños,"Marca Svelt. Modelo: Regina",Accesorios,0,177.02,2023-01-23 09:35:00.0000000
,<empty>,,Escalera 4 peldaños,"Marca Svelt. Modelo: Superulises",Accesorios,0,99.1,2023-01-23 09:35:00.0000000
,<empty>,,Escalera 4 peldaños,"Marca Svelt. Modelo: Superulises",Accesorios,0,99.1,2023-01-23 09:35:00.0000000
,<empty>,,Carretilla verde,"Cedidas por un hermano",Maquinaria,0,0,2023-01-23 09:35:00.0000000
,<empty>,,Carretilla marrón,"Cedidas por un hermano",Maquinaria,0,0,2023-01-23 09:35:00.0000000
,<empty>,,Hormigonera,,Maquinaria,0,0,2023-01-23 09:35:00.0000000
,<empty>,,Hilo de medir,,Maquinaria,0,0,2023-01-23 09:35:00.0000000
,<empty>,,Hilo de medir plástico,,Maquinaria,0,0,2023-01-23 09:35:00.0000000
,<empty>,,Escuadra de medir magnética,,Maquinaria,0,0,2023-01-23 09:35:00.0000000
,<empty>,,Escuadra de medir magnética,,Maquinaria,0,0,2023-01-23 09:35:00.0000000
11925,<empty>,,Pala para cristales,,Acabados,0,12.89,2023-01-23 09:35:00.0000000
11941,<empty>,,Pala para cristales,,Acabados,0,12.89,2023-01-23 09:35:00.0000000
,<empty>,,Afilador de brocas,,Accesorios,0,74.5,2023-01-23 09:35:00.0000000
,<empty>,,"Candado 2,5 mm gris",,Seguridad,0,0,2023-01-23 09:35:00.0000000
111078,<empty>,,Espátula 50mm,,Albañilería,0,3.31,2023-01-23 09:35:00.0000000
111075,<empty>,,Espátula 50mm,,Albañilería,0,3.31,2023-01-23 09:35:00.0000000
111084,<empty>,,Espátula 50mm,,Albañilería,0,3.31,2023-01-23 09:35:00.0000000
111141,<empty>,,Espátula 50mm,,Albañilería,0,3.31,2023-01-23 09:35:00.0000000
,<empty>,,Escalera aluminio 6 peldaños,,Accesorios,0,0,2023-01-23 09:35:00.0000000
,<empty>,,Escalera madera 8 peldaños,,Accesorios,0,0,2023-01-23 09:35:00.0000000
,<empty>,,Escalera madera 9 peldaños,,Accesorios,0,0,2023-01-23 09:35:00.0000000
,<empty>,,Mosquetón,,Seguridad,0,0,2023-01-23 09:35:00.0000000
,<empty>,,Pincel cabo lata nº10,,Pintura,0,0.99,2023-01-23 09:35:00.0000000
,<empty>,,Pincel cabo lata nº10,,Pintura,0,0.99,2023-01-23 09:35:00.0000000
,<empty>,,Pincel cabo lata nº10,,Pintura,0,0.99,2023-01-23 09:35:00.0000000
,<empty>,,Cubo plástico negro,,Accesorios,0,3.99,2023-01-23 09:35:00.0000000
,<empty>,,Cubo plástico negro,,Accesorios,0,3.99,2023-01-23 09:35:00.0000000
,<empty>,,Cubo plástico negro,,Accesorios,0,3.99,2023-01-23 09:35:00.0000000
,<empty>,,Cubo plástico negro,,Accesorios,0,3.99,2023-01-23 09:35:00.0000000
,<empty>,,Paletina madera 50mm,,Pintura,0,2.23,2023-01-23 09:35:00.0000000
,<empty>,,Paletina madera 50mm,,Pintura,0,2.23,2023-01-23 09:35:00.0000000
,<empty>,,Paletina madera 50mm,,Pintura,0,2.23,2023-01-23 09:35:00.0000000
,<empty>,,Paletina madera 50mm,,Pintura,0,2.23,2023-01-23 09:35:00.0000000
,<empty>,,Rodillo antigoteo 22cm,,Pintura,0,3.66,2023-01-23 09:35:00.0000000
,<empty>,,Rodillo antigoteo 22cm,,Pintura,0,3.66,2023-01-23 09:35:00.0000000
,<empty>,,Rodillo antigoteo 22cm,,Pintura,0,3.66,2023-01-23 09:35:00.0000000
,<empty>,,Rodillo antigoteo 22cm,,Pintura,0,3.66,2023-01-23 09:35:00.0000000
,<empty>,,Cubeta + rejilla pintura,,Pintura,0,0,2023-01-23 09:35:00.0000000
,<empty>,,Cubeta + rejilla pintura,,Pintura,0,0,2023-01-23 09:35:00.0000000
,<empty>,,Regleta Ferretería,,Electricidad,0,4.07,2023-01-23 09:35:00.0000000
,<empty>,,Termómetro infrarrojos,,Seguridad,0,0,2023-01-23 09:35:00.0000000
,<empty>,,Termómetro infrarrojos,,Seguridad,0,0,2023-01-23 09:35:00.0000000
,<empty>,,"Disco radial 230x3,2x22,23",,Maquinaria,0,0,2023-01-23 09:35:00.0000000
,<empty>,,"Disco radial 230x2,5x22,23",,Maquinaria,0,0,2023-01-23 09:35:00.0000000
,<empty>,,"Disco radial 230x6x22,23",,Maquinaria,0,0,2023-01-23 09:35:00.0000000
,<empty>,,"Disco radial 230x2,8x22,23",,Maquinaria,0,0,2023-01-23 09:35:00.0000000
,<empty>,,"Disco radial 230x3,2x22,23",,Maquinaria,0,0,2023-01-23 09:35:00.0000000
,<empty>,,"Disco radial 230x2,8x22,23 (más gastado)",,Maquinaria,0,0,2023-01-23 09:35:00.0000000
,<empty>,,Disco metálico,,Maquinaria,0,0,2023-01-23 09:35:00.0000000
,<empty>,,Batidora Cedida,,Maquinaria,0,0,2023-01-23 09:35:00.0000000
,<empty>,,Cúter,,Herramientas de mano,0,7.81,2023-01-23 09:35:00.0000000
,<empty>,,Cúter,,Herramientas de mano,0,7.81,2023-01-23 09:35:00.0000000
,<empty>,,Cúter,,Herramientas de mano,0,7.81,2023-01-23 09:35:00.0000000
0000118,<empty>,,Serrucho,,Herramientas de mano,0,7.55,2023-01-23 09:35:00.0000000
,<empty>,,Bidón de gasolina,,Accesorios,0,48.9,2023-01-23 09:35:00.0000000
,<empty>,,Carraca grande,,Herramientas de mano,0,0,2023-01-23 09:35:00.0000000
00001211,<empty>,,Carraca mediana,,Herramientas de mano,0,0,2023-01-23 09:35:00.0000000
,<empty>,,Carraca pequeña,,Herramientas de mano,0,0,2023-01-23 09:35:00.0000000
,<empty>,,Paletina madera 50mm,,Pintura,0,2.23,2023-01-23 09:35:00.0000000
,<empty>,,Rodillo antigoteo 22cm,,Pintura,0,3.66,2023-01-23 09:35:00.0000000
,<empty>,,Rodillo antigoteo 22cm,,Pintura,0,3.66,2023-01-23 09:35:00.0000000
,<empty>,,Rodillo antigoteo 22cm,,Pintura,0,3.66,2023-01-23 09:35:00.0000000
,<empty>,,Bloqueo de llave de escuadra,"Ref. LV00011-1",Maquinaria,0,0,2023-01-23 09:35:00.0000000
,<empty>,,Bloqueo de llave de escuadra,"Ref. LV00011-1",Maquinaria,0,0,2023-01-23 09:35:00.0000000
,<empty>,,Bloqueo válvula de gas,"Ref. LV00083-1",Maquinaria,0,0,2023-01-23 09:35:00.0000000
,<empty>,,Candado bloqueo azul,,Electricidad,0,0,2023-01-23 09:35:00.0000000
,<empty>,,Candado bloqueo azul,,Electricidad,0,0,2023-01-23 09:35:00.0000000
,<empty>,,Candado bloqueo azul,,Electricidad,0,0,2023-01-23 09:35:00.0000000
,<empty>,,Candado bloqueo negro,,Electricidad,0,0,2023-01-23 09:35:00.0000000
,<empty>,,Candado bloqueo negro,,Electricidad,0,0,2023-01-23 09:35:00.0000000
,<empty>,,Candado bloqueo negro,,Electricidad,0,0,2023-01-23 09:35:00.0000000
,<empty>,,Pistola de tiros WK500780,"Marca Werku",Herramientas de mano,0,0,2023-01-23 09:35:00.0000000
,<empty>,,Pistola de tiros F18/50RN,"Marca EZ-FASTEN",Herramientas de mano,0,0,2023-01-23 09:35:00.0000000
,<empty>,,Fuente de agua,,Accesorios,0,0,2023-01-23 09:35:00.0000000
111157,<empty>,,Cámara inspección de tuberías,,Fontanería,0,0,2023-01-23 09:35:00.0000000
,<empty>,,Tijeras de podar,"Pertenecen a la congregación de Getafe",Herramientas de mano,0,0,2023-01-23 09:35:00.0000000
,<empty>,,Tijeras de podar,"Pertenecen a la congregación de Getafe",Herramientas de mano,0,0,2023-01-23 09:35:00.0000000
,<empty>,,Tijeras de podar,"Pertenecen a la congregación de Getafe",Herramientas de mano,0,0,2023-01-23 09:35:00.0000000
,<empty>,,Piezas encamisado,"2 piezas que pertenecen a la congregación de Getafe",Herramientas de mano,0,0,2023-01-23 09:35:00.0000000
,<empty>,,Pulverizador,,Herramientas de mano,0,0,2023-01-23 09:35:00.0000000
,<empty>,,Portamarcador Clima,,Maquinaria,0,0,2023-01-23 09:35:00.0000000
,<empty>,,Kit puntas SID 8-A22,"PH2+PH2+PH3+PZ2+PZ2 +PZ3+TX20+TX25+TX30",Accesorios,0,0,2023-01-23 09:35:00.0000000
,<empty>,,Broca para taladro 8,"Ref. 2224292",Albañilería,0,0,2023-01-23 09:35:00.0000000
,<empty>,,Broca para taladro 6,"Ref. 2224284",Albañilería,0,0,2023-01-23 09:35:00.0000000
11754,Rubi,Rubi,Aprieta Cuñas,"Aprieta Cuñas",Maquinaria,0,0,2023-01-23 09:35:00.0000000
11890,<empty>,,Remachadora BM-75,"Remachadora BM-75",Pladur,0,0,2023-01-23 09:35:00.0000000
11700,<empty>,,destornillador estrella,"destornillador de estrella",Electricidad,0,0,2023-01-23 09:35:00.0000000
1081,Rubi,Rubi,Aprieta cuñas,"Aprieta cuñas",Maquinaria,0,0,2023-01-23 09:35:00.0000000
111082,Rubi negra,"Rubi, negra ","Aprieta cuñas ","Aprieta cuñas",Maquinaria,0,0,2023-01-23 09:35:00.0000000
10499,<empty>,,Remachadora molly,"REMACHADORA MOLLY",Pladur,0.2,15,2023-01-23 09:35:00.0000000
10317,<empty>,,Señales de Trafico,"Señales de Trafico",Maquinaria,0,0,2023-01-23 09:35:00.0000000
10316,<empty>,,Señales de Trafico,"Señales de Trafico",Maquinaria,0,0,2023-01-23 09:35:00.0000000
00001018,bo,DET-306,Termometro electronico,"Termometro electronico",Maquinaria,0,0,2023-01-23 09:35:00.0000000
0000921,bo,DET-306,Termometro electronico,"Termometro electronico",Maquinaria,0,0,2023-01-23 09:35:00.0000000
111130,Vorel,04301,Dracula,"Dracula",Pladur,0,0,2023-01-23 09:35:00.0000000
111129,Vorel,04301,Dracula,"Conde Dracula",Pladur,0,0,2023-01-23 09:35:00.0000000
10255,Urceri,MT-912,Luzometro,"Light meter",Maquinaria,0,0,2023-01-23 09:35:00.0000000
10256,Tacklife,MLM02,Sonometro,"Sound Level Meter",Maquinaria,0,0,2023-01-23 09:35:00.0000000
111020,Loria,51mm x 3cm,Silbato,"Silbato",Maquinaria,0,0,2023-01-23 09:35:00.0000000
111006,Loria,51mm x 3cm,Silbato,"Silbato",Maquinaria,0,0,2023-01-23 09:35:00.0000000
111000,Loria,51mm x 3cm,Silbato,"Silbato",Maquinaria,0,0,2023-01-23 09:35:00.0000000
111108,Hilti,SF-6H-A22,Atornilladora,"Atornilladora pequeña ",Maquinaria,0,0,2023-01-23 09:35:00.0000000
111089,Hilti,SF-4-A22,Atornilladora,"Atornilladora de tabique seco a batería de 22V y de 2100rpm para la suspension de tabiques secos, tableros de madera y revestimientos exteriores.",Maquinaria,1.3,167.79,2023-01-23 09:35:00.0000000
00001094,Femi,XL780,Cortadora de hierro,"Cortador de hierro femi",Maquinaria,17,0,2023-01-23 09:35:00.0000000
10022,Hilti,PR-30-HVSG-A12,Nivel láser Rotativo,"Laser Rotativo",Maquinaria,2.5,2595,2023-01-23 09:35:00.0000000
10416,<empty>,LX-36575,"Balanza digital para gas ","Balanza digital para gas",Clima,2,150,2023-01-23 09:35:00.0000000
10413,Hilti,CD 4-A22,Pistola silicona automática,,Maquinaria,0,0,2023-01-23 09:35:00.0000000
111098,<empty>,,Cizalla,,Maquinaria,0,0,2023-01-23 09:35:00.0000000
00001122,<empty>,,Escuadra falsa,,Soldadura,0,15,2023-01-23 09:35:00.0000000
111065,Stanley,,Espátula Angular,"Espátula angular  300mm",Pladur,0,0,2023-01-23 09:35:00.0000000
10280,Stanley,,"Espátula Angular ","Espatula angular 300mm",Pladur,0,0,2023-01-23 09:35:00.0000000
111072,<empty>,,Espátula angular,,Pladur,0,0,2023-01-23 09:35:00.0000000
10278,<empty>,,Espátula con punta philips,,Pladur,0,0,2023-01-23 09:35:00.0000000
111131,Dewalt,D26411,"Pistola de calor ","Calentador ",Maquinaria,0,0,2023-01-23 09:35:00.0000000
,<empty>,CD 4 short Assembly set,Accesorio pistola silicona,,Maquinaria,0,0,2023-01-23 09:35:00.0000000
0000900,<empty>,,Pistola compresor,,Maquinaria,0,0,2023-01-23 09:35:00.0000000
0000881,WERKU,,Pistola compresor,"Pistola compresor para Clavadora neumática",Maquinaria,0,0,2023-01-23 09:35:00.0000000
20412,<empty>,,kit coronas atornillador,"Coronas atornillador  68mm/51mm/35mm/25mm/22mm/19mm",Accesorios,0,0,2023-01-23 09:35:00.0000000
0000892,<empty>,,Cuchillas makita,,Accesorios,0,0,2023-01-23 09:35:00.0000000
10038,Hilti,36V/5.2,Batería,"Batería",Maquinaria,1.35,454,2023-01-23 09:35:00.0000000
,<empty>,,Machota,,Albañilería,0,0,2023-01-23 09:35:00.0000000
,Makita,,Cuchillas cortavarilla M8,,Maquinaria,0,0,2023-01-23 09:35:00.0000000
,Makita,,Cuchilla cortavarilla M6,,Maquinaria,0,0,2023-01-23 09:35:00.0000000
,Makita,,Cuchilla cortavarilla M10,,Maquinaria,0,0,2023-01-23 09:35:00.0000000
,<empty>,,"Cepillo de alambre ",,Maquinaria,0,10.36,2023-01-23 09:35:00.0000000
11934,<empty>,,"Pistola espuma poliuretano ","Pistola espuma poliuretano profesional CEE",Acabados,0.29,15.95,2023-01-23 09:35:00.0000000
,<empty>,,Cepillo lavasuelos de raíz de mano 5x10,,Acabados,0,5.15,2023-01-23 09:35:00.0000000
111107,<empty>,,Cizalla,,Maquinaria,0,0,2023-01-23 09:35:00.0000000
11923,<empty>,Super EGO 50,Tijera cortatubos,,Fontanería,0.6,100,2023-01-23 09:35:00.0000000
11755,<empty>,,Espátula con punta philips,,Pladur,0.1,12.5,2023-01-23 09:35:00.0000000
111200,<empty>,,Espátula con punta philips,,Pladur,0,0,2023-01-23 09:35:00.0000000
111201,<empty>,,Espátula con punta philips,,Pladur,0,0,2023-01-23 09:35:00.0000000
111202,<empty>,,Espátula con punta philips,,Pladur,0,0,2023-01-23 09:35:00.0000000
111203,<empty>,,Espátula sin mango,,Pladur,0,0,2023-01-23 09:35:00.0000000
111204,<empty>,,Espátula sin mango,,Pladur,0,0,2023-01-23 09:35:00.0000000
111205,<empty>,,Espátula sin mango,,Pladur,0,0,2023-01-23 09:35:00.0000000
111206,<empty>,,Espátula sin mango,,Maquinaria,0,0,2023-01-23 09:35:00.0000000
111146,<empty>,,Espátula 40mm,"Espatulas de Albañileria",Albañilería,0,0,2023-01-23 09:35:00.0000000
11114,<empty>,,Espátula 40 mm,,Albañilería,0,0,2023-01-23 09:35:00.0000000
11722,<empty>,,Espátula 40 mm,,Albañilería,0,0,2023-01-23 09:35:00.0000000
111142,Bellota,,Martillo pequeño profesional,,Albañilería,0,0,2023-01-23 09:35:00.0000000
11982,<empty>,,Tijera corta chapa,,Pladur,0.8,70,2023-01-23 09:35:00.0000000
111207,<empty>,,Tijera corta chapa,,Pladur,0.8,70,2023-01-23 09:35:00.0000000
11896,Bellota,5842 HIBM,"Palustre mango fibra ",,Albañilería,0,0,2023-01-23 09:35:00.0000000
111102,<empty>,,"Sargento ",,Albañilería,0,0,2023-01-23 09:35:00.0000000
111101,Disponible,,Sargento,,Albañilería,0,0,2023-01-23 09:35:00.0000000
20000,Hilti,B36/5.2,Batería,"Batería",Maquinaria,1.35,454,2023-01-23 09:35:00.0000000
20001,Hilti,"B36/5.2 ",Batería,"Batería",Maquinaria,1.35,454,2023-01-23 09:35:00.0000000
20002,Hilti,"B36/5.2 ",Batería,"Batería",Maquinaria,1.35,454,2023-01-23 09:35:00.0000000
20003,Hilti,"B36/5.2 ",Batería,"Batería",Maquinaria,1.35,454,2023-01-23 09:35:00.0000000
20004,Hilti,C4/36-350,Cargador,"Cargador compacto para baterías de ion de litio de Hilti de 12 V.",Accesorios,1.1,203,2023-01-23 09:35:00.0000000
20005,Hilti,C4/36-350,Cargador,"Cargador compacto para baterías de ion de litio de Hilti de 12 V.",Accesorios,1.1,203,2023-01-23 09:35:00.0000000
20006,Hilti,C4/36-350,Cargador,"Cargador compacto para baterías de ion de litio de Hilti de 12 V.",Accesorios,1.1,203,2023-01-23 09:35:00.0000000
20007,Hilti,C4/36-350,Cargador,"Cargador compacto para baterías de ion de litio de Hilti de 12 V",Maquinaria,1.1,203,2023-01-23 09:35:00.0000000
20008,Hilti,C4/36-350,Cargador,"Cargador compacto para baterías de ion de litio de Hilti de 12 V ",Accesorios,1.1,203,2023-01-23 09:35:00.0000000
20009,Hilti,C4/36-350,Cargador,"Cargador compacto para baterías de ion de litio de Hilti de 12 V",Accesorios,1.2,203,2023-01-23 09:35:00.0000000
20010,Hilti,B 12/2.6,Batería,"Batería de ion de litio compacta de 12 V y 2,6 Ah",Maquinaria,0.24,64,2023-01-23 09:35:00.0000000
11741,Bellota,Bellota 5894-150,Espátula inox 150mm,,Pladur,0,0,2023-01-23 09:35:00.0000000
11742,Bellota 5894-150,Bellota 5894-150,Espátula inox 150mm,,Pladur,0.4,28,2023-01-23 09:35:00.0000000
11776,Bellota,Bellota 5894-150,Espátula inox 150mm,,Pladur,0.4,28,2023-01-23 09:35:00.0000000
11996,Stanley,Fatmax,Serrucho cuchillo,"Sierra cuchillo fatmax stanley jetcut ",Pladur,0,0,2023-01-23 09:35:00.0000000
11894,Stanley,Fatmax,Serrucho cuchillo,"Sierra cuchillo fatmax stanley jetcut",Pladur,0,0,2023-01-23 09:35:00.0000000
1111048,Stanley,,Martillo pequeño,,Albañilería,0,0,2023-01-23 09:35:00.0000000
11749,"Forged ",,Llave inglesa 6''-150mm,,Fontanería,0,0,2023-01-23 09:35:00.0000000
11951,<empty>,,"Llave inglesa 12-13mm ",,Fontanería,0.1,0,2023-01-23 09:35:00.0000000
11956,<empty>,,"Lave fija 12-13mm ",,Fontanería,0,0,2023-01-23 09:35:00.0000000
11997,Stanley,65-415,Destornillador estrella aislado PH1x100,,Electricidad,0.02,12,2023-01-23 09:35:00.0000000
11977,Powerfix,HG03539,"Destornillador plano aislado 6,5x100",,Electricidad,0.02,0,2023-01-23 09:35:00.0000000
11993,Wiha,,"Alicate de punta 200mm ",,Electricidad,0.02,0,2023-01-23 09:35:00.0000000
111111,1,,,"Prueba1",Maquinaria,0.023,23,2023-01-31 00:00:00.0000000
5634Rt,<empty>,,e,,Maquinaria,0,0,
,1,er-456,fasdfsdfdafdf,"sadasdasd   dasdsad ",Electricidad,4.78,12.56,2023-03-22 00:00:00.0000000
,ABAC MONTECARLO,ApT 56,Prueba Herraminta,"Prueba",Accesorios,2.56,4.76,2023-05-01 00:00:00.0000000
,1,er-456,fasdfsdfdafdf,"sadasdasd   dasdsad ",Electricidad,4.78,12.56,2023-03-22 00:00:00.0000000
,ABAC MONTECARLO,ApT 56,Prueba Herraminta,"Prueba",Accesorios,2.56,4.76,2023-05-01 00:00:00.0000000
,1,er-456,fasdfsdfdafdf,"sadasdasd   dasdsad ",Electricidad,4.78,12.56,2023-03-22 00:00:00.0000000
,ABAC MONTECARLO,ApT 56,Prueba Herraminta,"Prueba",Accesorios,2.56,4.76,2023-05-01 00:00:00.0000000
,1,er-456,fasdfsdfdafdf,"sadasdasd   dasdsad ",Electricidad,4.78,12.56,2023-03-22 00:00:00.0000000
,ABAC MONTECARLO,ApT 56,Prueba Herraminta,"Prueba",Accesorios,2.56,4.76,2023-05-01 00:00:00.0000000
,1,er-456,fasdfsdfdafdf,"sadasdasd   dasdsad ",Electricidad,4.78,12.56,2023-03-22 00:00:00.0000000
,ABAC MONTECARLO,ApT 56,Prueba Herraminta,"Prueba",Accesorios,2.56,4.76,2023-05-01 00:00:00.0000000
123456789,ABAC MONTECARLO,ApT 56,Prueba Herramintaaaa,"Prueba",Accesorios,2.56,4.76,2023-05-01 00:00:00.0000000
1690912563,ABAC MONTECARLO,ApT 56,Prueba Herraminta,"Prueba",Accesorios,2.56,4.76,2023-05-01 00:00:00.0000000
